"WT1_p.S381X","FLT3_p.D835Y","NPM1_p.L287fs"
1,1,1
1,1,1
1,1,0
1,0,0
1,1,0
1,1,1
1,1,1
1,1,0
1,1,1
1,1,1
1,1,0
0,0,0
1,1,0
1,1,1
1,1,0
1,1,0
1,1,0
1,1,1
1,1,0
1,1,0
1,1,1
1,1,1
1,1,1
1,1,1
1,1,1
1,1,1
1,1,0
1,1,1
0,0,0
1,1,1
1,1,1
1,1,1
0,0,0
1,1,1
1,1,0
1,1,1
1,1,1
1,1,1
1,1,1
1,1,1
1,1,0
1,1,1
1,1,0
1,1,1
1,1,1
1,1,1
1,1,1
1,1,0
1,1,1
1,1,1
1,1,1
1,1,0
1,1,1
1,1,1
1,1,1
0,0,0
1,1,1
1,0,0
1,1,0
1,1,1
1,1,1
1,1,1
1,1,1
0,0,0
1,1,0
1,1,1
1,1,1
1,0,0
1,1,0
1,1,1
1,1,1
1,1,1
1,1,1
1,1,1
1,1,1
1,1,1
1,1,1
1,1,1
1,1,1
1,1,0
1,1,1
1,1,1
1,1,1
1,1,1
1,1,0
1,1,1
1,0,0
1,1,1
1,1,1
1,1,0
1,1,1
1,1,0
1,0,0
1,0,0
1,1,1
1,1,1
1,1,0
1,1,1
1,0,0
1,1,1
1,1,0
1,1,1
1,1,0
1,1,1
1,1,1
1,1,0
1,1,1
1,1,0
1,1,0
1,1,1
1,0,0
1,1,0
0,0,0
1,1,1
1,1,0
1,1,1
1,1,1
1,1,1
1,1,1
1,1,1
1,0,0
1,1,1
1,1,1
1,1,0
1,1,0
1,0,0
1,1,0
0,0,0
1,1,0
1,1,1
1,0,0
1,1,0
0,0,0
1,1,1
1,1,1
1,1,1
1,0,0
1,1,1
1,1,1
1,1,1
1,1,0
1,1,1
1,1,1
1,1,1
1,1,1
1,1,0
1,0,0
1,1,1
1,1,0
1,1,0
1,1,1
1,1,1
1,1,1
1,1,1
1,1,1
1,1,1
1,1,0
1,1,0
1,1,0
0,0,0
1,1,1
1,1,1
1,1,0
0,0,0
1,1,1
1,1,1
1,1,1
1,1,0
1,1,1
1,1,1
1,1,1
1,1,1
1,1,0
0,0,0
1,1,1
1,1,1
1,1,1
1,1,0
1,1,1
0,0,0
1,1,1
1,1,0
1,1,0
1,1,1
1,1,1
1,1,0
1,1,0
1,1,1
1,1,0
1,1,1
1,1,0
1,1,1
1,1,0
1,1,0
1,1,1
1,1,0
1,1,0
0,0,0
1,1,1
1,1,1
1,1,0
1,1,1
1,1,0
1,1,1
1,1,0
1,0,0
0,0,0
1,1,1
1,1,1
1,1,0
1,1,1
1,1,1
0,0,0
1,1,1
1,1,1
1,1,1
1,1,0
1,1,1
1,1,0
1,1,1
1,1,1
0,0,0
1,1,1
1,1,1
1,1,0
1,1,1
1,1,1
1,0,0
1,1,1
1,1,1
1,1,1
1,1,0
1,1,1
1,1,1
1,1,1
1,1,1
1,1,0
1,1,0
1,1,1
1,1,1
1,1,0
1,1,1
1,1,0
1,1,0
1,1,1
1,1,0
1,1,0
1,1,0
1,1,1
1,1,1
1,1,1
0,0,0
1,1,0
1,1,0
1,1,1
1,1,1
1,1,1
1,1,1
1,0,0
1,1,1
1,1,1
1,1,0
0,0,0
1,1,1
1,0,0
1,1,1
1,1,1
1,1,1
1,1,1
1,1,1
0,0,0
1,1,1
1,0,0
1,1,0
0,0,0
1,1,1
1,1,0
1,1,0
1,1,1
1,1,1
1,1,1
1,1,0
1,1,0
1,1,0
1,1,0
1,1,1
1,1,0
1,1,1
1,1,1
1,1,1
1,1,1
1,1,0
0,0,0
1,1,1
1,1,1
1,1,0
1,1,1
1,1,1
1,1,0
1,1,0
1,1,1
1,1,1
1,1,1
1,1,1
1,1,0
1,1,0
1,1,1
1,1,1
1,1,1
1,1,0
1,0,0
1,1,0
1,1,1
0,0,0
1,1,1
1,1,0
1,1,1
1,1,1
1,1,1
1,1,1
1,1,1
1,1,1
1,1,0
1,1,0
1,1,1
1,1,0
1,1,0
1,1,1
0,0,0
1,1,1
1,1,1
0,0,0
1,1,0
1,1,1
1,1,1
1,1,0
1,1,1
1,1,0
1,1,1
0,0,0
1,1,1
1,1,1
1,1,1
0,0,0
1,1,0
1,1,1
1,1,1
1,1,1
1,1,1
1,1,1
1,1,0
0,0,0
0,0,0
1,1,1
1,1,1
1,1,1
0,0,0
1,1,1
1,1,1
1,1,0
1,1,1
0,0,0
1,1,0
1,1,0
1,1,1
1,1,1
1,1,0
1,1,1
1,1,1
1,1,1
0,0,0
1,1,1
0,0,0
1,1,0
1,1,1
1,1,1
0,0,0
1,1,1
1,1,0
1,1,1
1,1,1
1,0,0
1,1,1
1,1,1
0,0,0
1,1,0
1,0,0
1,1,1
1,1,0
1,1,1
1,1,1
1,1,0
1,1,1
0,0,0
1,1,1
1,1,1
1,1,1
1,1,1
1,1,1
1,1,1
1,1,1
1,1,1
1,1,0
1,1,1
1,1,0
1,1,0
1,1,1
1,1,1
1,0,0
1,1,1
1,1,1
1,1,1
1,1,1
1,1,1
1,1,1
1,1,1
1,1,1
0,0,0
0,0,0
1,1,0
1,1,1
1,1,1
1,1,1
0,0,0
1,1,1
1,0,0
1,1,0
1,1,1
1,1,1
1,1,1
0,0,0
1,1,1
1,1,1
1,1,1
1,1,1
0,0,0
1,1,1
1,1,0
1,1,1
1,1,1
1,1,1
0,0,0
1,1,0
1,1,0
1,0,0
1,1,0
1,1,1
1,1,1
1,1,1
1,1,1
1,1,0
1,0,0
1,1,1
1,1,1
1,0,0
0,0,0
1,1,1
1,1,1
0,0,0
1,1,1
1,1,1
1,1,0
1,1,0
1,1,1
1,1,0
1,1,1
1,1,1
1,0,0
1,1,1
1,1,1
1,1,1
1,1,1
1,1,0
1,1,1
1,0,0
1,1,1
1,1,1
1,1,1
0,0,0
0,0,0
1,1,0
1,1,1
1,1,1
0,0,0
1,1,1
1,1,0
0,0,0
1,1,0
1,1,1
1,1,1
1,0,0
1,0,0
1,1,1
1,1,1
1,1,1
1,1,0
1,1,0
1,1,1
1,1,1
0,0,0
1,1,0
1,1,1
1,1,1
1,1,1
1,1,1
1,1,1
1,1,1
1,1,1
1,1,0
1,1,1
1,1,1
1,1,1
1,1,1
1,1,0
0,0,0
1,1,1
0,0,0
1,1,0
1,1,1
0,0,0
1,1,1
1,1,0
1,1,1
1,1,1
1,1,0
1,1,1
1,1,1
1,1,1
1,1,1
1,1,1
1,0,0
1,1,1
1,1,1
1,1,1
1,1,1
1,1,1
0,0,0
1,1,1
1,1,1
1,1,1
1,1,1
1,1,0
1,1,1
1,1,1
1,1,0
1,1,0
1,1,1
1,1,1
1,1,1
0,0,0
1,1,1
1,0,0
1,1,1
1,1,1
1,1,1
1,1,1
1,1,1
1,0,0
0,0,0
1,1,1
1,1,1
1,0,0
1,1,0
1,1,1
1,1,1
1,1,0
1,1,0
1,1,1
1,0,0
1,1,1
1,1,0
0,0,0
1,1,1
1,1,0
1,1,1
1,1,1
1,1,1
1,1,1
1,1,0
1,1,1
1,1,1
1,1,1
1,0,0
1,1,1
1,1,1
1,1,0
1,1,0
0,0,0
1,1,1
1,1,0
1,1,1
0,0,0
1,1,0
1,1,1
1,1,1
1,1,0
0,0,0
1,1,0
1,1,0
1,0,0
1,1,1
0,0,0
1,1,1
1,1,1
1,1,1
1,1,1
1,1,1
1,0,0
1,1,0
1,1,1
1,1,1
1,1,0
1,1,0
1,1,1
1,1,1
1,1,1
1,1,1
1,1,1
1,1,1
1,1,1
1,1,1
1,1,0
1,1,0
1,1,1
1,1,0
1,1,1
1,1,1
1,1,1
1,1,0
1,1,1
1,0,0
1,1,1
1,1,1
1,1,1
1,1,0
1,1,1
1,1,0
1,1,1
1,0,0
1,1,0
0,0,0
1,1,1
1,1,1
1,1,1
1,1,1
0,0,0
1,0,0
1,1,0
1,1,1
1,0,0
1,1,1
1,1,1
1,1,1
1,1,1
1,1,1
1,0,0
1,1,0
1,1,0
1,1,0
1,1,1
1,1,1
1,1,1
1,1,0
0,0,0
1,1,1
0,0,0
1,1,1
1,1,1
1,1,1
0,0,0
1,1,1
1,1,1
1,0,0
1,1,1
0,0,0
1,1,0
1,1,1
0,0,0
1,1,1
1,1,1
1,1,1
1,1,1
0,0,0
1,1,1
1,0,0
1,1,1
1,0,0
1,1,0
1,1,1
1,1,1
1,1,1
1,1,0
1,1,1
1,1,0
1,1,1
1,1,1
1,1,1
1,1,1
0,0,0
1,1,0
0,0,0
1,1,1
1,1,1
1,1,1
0,0,0
0,0,0
1,1,0
1,1,1
0,0,0
1,1,1
1,1,1
1,1,0
1,1,1
0,0,0
1,1,1
1,1,1
1,1,1
1,1,0
1,1,1
1,1,1
1,1,1
0,0,0
1,1,1
1,1,1
1,1,1
1,1,0
1,1,0
1,1,1
1,1,1
1,1,1
1,1,0
1,1,0
1,1,1
1,1,1
0,0,0
1,1,1
1,1,1
1,1,1
1,1,0
1,1,1
1,1,1
1,1,1
1,1,1
1,1,1
1,1,1
0,0,0
1,1,1
1,0,0
1,1,0
1,1,1
1,1,0
1,1,1
1,1,1
1,1,1
1,1,1
1,1,1
0,0,0
0,0,0
1,1,1
1,1,0
1,1,0
1,1,1
1,1,0
1,1,0
1,1,0
1,1,0
1,1,0
1,1,1
1,1,0
1,1,1
1,1,1
1,1,0
1,1,1
1,1,1
1,1,1
1,1,1
1,1,1
1,1,1
1,1,1
1,1,1
1,1,1
1,1,1
1,1,0
1,1,1
1,1,0
1,1,0
1,1,1
1,1,1
1,1,0
1,1,1
0,0,0
1,1,1
1,1,1
1,1,1
1,1,1
1,1,0
1,0,0
1,1,0
1,1,0
1,1,0
1,1,0
0,0,0
1,1,1
1,1,1
1,1,1
1,1,1
1,1,0
1,1,1
0,0,0
1,1,1
0,0,0
0,0,0
1,1,0
1,1,1
1,1,1
1,1,1
1,1,0
0,0,0
1,1,1
0,0,0
1,1,0
1,1,1
1,1,1
1,1,0
1,1,1
1,0,0
1,1,0
1,1,1
1,1,1
0,0,0
1,1,1
1,1,0
1,1,1
1,1,1
1,1,1
1,1,0
1,1,1
1,1,1
1,1,1
1,1,0
1,1,0
1,1,1
1,0,0
1,1,1
1,1,1
0,0,0
1,1,0
1,1,1
1,1,0
1,1,1
1,1,0
1,1,1
1,1,1
1,1,1
1,1,1
1,0,0
1,1,1
0,0,0
1,1,1
1,1,1
1,1,1
0,0,0
1,1,1
1,0,0
1,1,0
1,1,0
1,1,0
1,1,1
1,1,1
1,1,1
1,1,1
1,1,1
1,1,1
1,1,0
1,0,0
1,1,1
1,1,1
1,1,1
1,1,0
1,1,0
1,1,1
1,1,1
1,1,0
1,1,1
1,1,1
1,0,0
1,1,0
1,0,0
1,1,0
1,0,0
1,1,1
1,0,0
1,1,0
1,1,1
1,1,1
1,1,1
1,1,0
1,1,1
1,1,0
1,1,0
1,1,1
1,1,1
1,1,1
1,1,1
1,1,1
1,1,1
1,1,1
1,1,0
1,1,1
1,1,0
1,1,1
0,0,0
1,1,1
1,1,0
1,1,1
1,1,1
1,1,1
1,1,0
1,1,0
1,1,1
1,1,1
1,1,0
1,1,1
1,1,1
1,1,0
1,1,1
1,1,1
1,1,1
1,1,1
0,0,0
1,1,1
0,0,0
1,1,1
1,1,1
1,1,1
1,1,1
1,1,1
1,1,1
1,1,0
1,1,1
1,1,1
1,1,0
1,1,0
1,1,1
1,1,1
1,1,1
1,1,1
1,1,1
1,1,0
1,0,0
1,1,1
1,1,1
1,1,0
1,1,0
1,1,0
1,1,0
1,1,1
1,1,1
1,1,1
1,1,1
1,1,1
1,1,0
1,1,0
1,1,1
1,1,1
1,1,1
1,1,0
0,0,0
1,1,1
1,1,1
1,1,1
1,1,1
1,1,1
1,1,1
1,1,0
1,1,0
1,1,1
1,1,1
1,1,1
1,1,1
1,1,1
1,0,0
1,1,1
1,1,0
1,1,1
1,1,1
1,1,1
1,1,1
1,1,1
1,1,0
1,1,1
0,0,0
1,1,0
1,0,0
0,0,0
1,0,0
1,1,0
1,1,1
1,1,1
1,1,1
1,1,1
0,0,0
1,1,0
1,1,0
1,1,1
1,1,0
1,1,1
1,1,1
1,1,1
1,1,1
1,0,0
1,0,0
0,0,0
1,1,1
1,1,1
1,1,0
0,0,0
1,1,1
1,1,1
1,1,1
1,1,1
0,0,0
0,0,0
1,1,1
0,0,0
1,1,1
1,1,0
0,0,0
1,1,0
1,1,0
1,1,1
1,1,1
1,0,0
1,1,1
1,1,1
1,1,1
1,1,1
1,1,1
1,1,1
1,1,1
1,1,1
1,1,1
1,1,1
1,1,1
1,1,0
0,0,0
1,1,0
1,1,1
1,0,0
1,1,1
1,1,0
1,1,0
1,1,1
1,1,1
1,1,1
1,0,0
1,1,1
1,1,1
1,1,1
1,1,1
1,1,1
1,0,0
1,1,1
1,0,0
1,1,1
1,1,1
1,1,1
1,1,1
1,1,0
1,1,1
1,1,1
1,1,0
1,1,1
1,1,1
1,1,0
1,1,1
1,1,1
1,1,1
1,1,1
1,1,0
1,1,1
1,1,1
1,1,1
1,1,1
1,1,1
1,1,0
1,1,1
0,0,0
1,1,0
1,1,1
1,1,1
1,1,1
1,1,1
1,1,0
1,1,1
1,1,1
1,1,1
1,1,1
1,1,0
0,0,0
1,1,0
1,1,1
1,1,1
1,0,0
1,1,1
1,1,0
1,1,1
0,0,0
1,1,0
0,0,0
1,1,1
1,1,1
1,1,1
1,1,1
1,1,1
1,1,1
1,1,1
1,0,0
0,0,0
1,1,1
1,1,0
1,1,1
1,1,0
1,1,1
1,0,0
1,1,0
1,1,1
1,1,1
1,1,1
1,1,0
1,1,0
1,1,1
0,0,0
1,1,1
1,1,1
1,1,0
1,1,1
1,1,1
1,1,1
1,1,1
1,1,1
1,1,1
1,1,1
1,1,1
1,1,0
1,1,0
1,1,1
1,1,1
1,1,1
1,1,0
1,1,1
1,0,0
1,1,0
1,1,1
1,1,1
1,1,0
1,1,0
0,0,0
1,1,1
1,1,1
1,1,0
1,1,1
1,1,1
1,1,1
1,1,1
1,1,1
1,1,1
1,1,1
1,1,0
1,1,1
1,1,1
1,1,0
1,1,1
1,1,1
1,0,0
1,1,1
1,1,1
1,1,1
1,1,1
1,1,0
1,1,1
1,0,0
1,1,1
1,1,1
1,1,1
1,0,0
1,1,1
1,1,0
1,1,0
1,1,0
1,1,0
1,1,1
1,1,1
1,1,1
1,1,1
1,1,1
1,1,1
1,1,1
1,1,1
1,1,0
1,1,1
1,1,1
1,1,0
1,1,1
1,1,0
0,0,0
1,1,1
0,0,0
1,1,1
1,1,0
1,1,1
1,1,1
1,1,1
1,1,1
1,1,1
1,1,1
1,1,0
1,1,1
1,1,1
1,1,0
1,1,1
1,1,1
1,1,0
1,1,1
1,1,1
0,0,0
1,1,1
1,1,1
1,1,1
0,0,0
1,1,0
0,0,0
1,1,0
1,1,1
1,1,0
1,1,1
1,1,1
1,1,0
1,1,0
1,1,1
1,1,1
1,1,1
1,1,0
1,1,0
1,1,1
1,1,1
1,1,1
1,0,0
1,1,1
1,1,1
1,1,0
1,0,0
1,1,1
1,1,0
0,0,0
1,1,1
1,1,1
1,1,0
1,1,1
1,1,0
1,1,1
1,1,1
1,1,1
1,1,1
0,0,0
1,1,1
1,0,0
1,1,1
1,1,1
1,1,1
1,1,1
1,1,0
1,1,1
0,0,0
1,1,1
1,1,1
1,1,1
1,1,1
1,1,1
1,0,0
1,1,1
1,1,0
0,0,0
1,1,1
1,1,1
1,1,0
1,1,1
1,1,1
1,1,1
1,1,1
1,1,1
1,1,0
1,1,1
1,1,1
1,0,0
1,1,0
1,1,0
1,1,0
1,1,1
1,1,1
0,0,0
1,1,1
1,1,0
1,1,1
1,1,1
1,1,1
1,1,1
1,1,1
1,1,1
1,1,0
1,1,0
1,1,1
1,1,1
0,0,0
1,0,0
1,1,1
0,0,0
1,1,1
1,1,1
1,0,0
1,1,0
1,1,1
0,0,0
1,1,1
1,1,1
1,1,1
1,1,1
1,1,1
1,1,1
1,1,1
1,0,0
1,1,0
0,0,0
1,1,1
1,1,1
1,1,1
1,1,1
1,1,1
0,0,0
1,1,0
1,1,1
1,1,0
1,1,0
1,1,1
1,0,0
1,1,1
1,1,1
1,1,0
1,1,0
1,0,0
0,0,0
1,1,1
1,1,1
1,1,0
1,0,0
1,1,1
1,1,0
1,1,1
0,0,0
1,1,1
1,1,1
1,1,1
1,1,0
1,1,1
1,1,1
1,1,1
1,1,1
1,1,0
1,1,1
1,1,1
1,1,1
1,1,1
1,1,1
1,1,1
1,1,1
1,0,0
1,1,1
1,1,1
1,1,1
1,1,1
1,1,1
1,1,1
1,1,1
1,1,1
1,1,0
1,1,0
1,1,1
1,1,1
1,1,1
1,1,1
1,1,1
0,0,0
1,1,0
1,1,1
1,0,0
1,1,1
0,0,0
1,1,1
1,1,1
1,1,1
1,1,0
1,0,0
1,1,1
1,1,1
1,1,0
1,1,1
1,1,1
1,1,1
1,0,0
1,1,1
1,1,1
1,0,0
1,1,1
1,1,0
1,1,0
1,1,1
1,1,0
1,1,1
1,1,0
1,0,0
1,1,1
1,1,1
1,1,0
1,1,1
1,1,1
1,1,1
1,1,1
0,0,0
1,1,1
1,1,1
1,1,1
1,1,1
1,1,0
1,1,1
1,1,1
1,1,1
1,1,1
1,1,1
1,1,1
1,1,0
1,1,0
1,0,0
1,0,0
1,1,0
1,1,1
1,1,1
1,1,1
1,1,1
1,1,1
1,1,1
1,1,0
1,1,1
1,1,0
1,1,0
0,0,0
1,0,0
1,1,1
1,1,1
0,0,0
1,1,1
1,1,1
1,1,1
1,1,1
1,1,1
1,1,0
1,1,0
1,1,1
1,1,1
1,1,1
1,1,1
1,1,1
1,1,1
1,1,0
1,1,1
1,1,1
1,1,0
1,1,0
1,1,1
1,1,1
1,1,0
1,1,1
1,0,0
1,1,1
1,1,0
1,1,1
1,1,1
1,1,1
1,1,1
1,1,0
1,1,1
1,1,1
1,1,0
1,1,1
1,1,0
1,1,0
1,1,1
1,1,1
1,1,0
0,0,0
1,1,0
1,0,0
1,1,1
1,1,1
1,1,1
1,1,0
1,1,1
0,0,0
1,1,1
1,1,1
1,1,1
1,1,1
1,1,1
1,1,1
1,1,1
1,1,0
1,1,1
1,1,1
1,1,1
1,1,1
0,0,0
1,1,1
1,1,1
1,1,1
1,1,1
1,1,0
1,1,1
1,1,1
1,1,1
1,1,1
1,1,1
1,1,1
1,1,1
1,1,0
1,1,1
1,1,1
1,1,0
1,1,1
1,1,1
1,1,1
1,1,1
1,1,1
1,1,1
1,1,0
1,1,1
1,1,1
1,1,0
1,1,1
1,1,1
1,1,1
1,1,1
1,1,0
1,1,1
1,0,0
1,1,1
1,1,1
1,0,0
1,1,1
1,1,1
1,0,0
1,1,0
1,1,1
1,1,1
1,1,1
1,1,1
1,1,1
1,1,1
1,1,1
1,1,1
1,1,1
0,0,0
1,1,1
1,1,0
1,1,0
1,1,1
1,1,1
0,0,0
1,1,0
1,1,1
1,0,0
1,1,0
1,1,1
1,1,1
1,0,0
0,0,0
1,1,1
1,1,0
1,1,0
0,0,0
1,1,1
1,1,1
1,1,1
1,1,0
1,1,0
1,1,1
1,1,0
1,1,0
1,1,1
1,1,0
1,1,1
1,1,1
1,0,0
1,1,1
1,1,1
1,1,1
1,1,1
1,1,1
1,1,1
1,1,0
1,1,0
1,1,1
1,1,1
1,1,1
1,1,0
1,1,1
1,1,0
1,1,0
1,0,0
1,0,0
0,0,0
1,1,0
0,0,0
1,1,0
1,1,1
1,1,0
1,1,0
1,1,1
1,1,1
0,0,0
1,1,1
1,1,1
1,1,1
1,1,1
1,1,0
1,1,1
1,1,1
1,1,0
1,0,0
1,1,0
1,1,0
1,1,1
1,0,0
1,1,0
1,1,0
1,1,1
1,1,1
0,0,0
1,1,1
1,1,0
1,0,0
1,1,1
1,1,0
1,1,1
1,1,1
1,1,0
1,1,1
0,0,0
1,1,1
1,1,0
1,1,1
1,0,0
1,1,1
1,1,1
1,1,0
1,1,0
1,1,1
1,0,0
1,1,1
1,1,1
1,1,0
1,1,1
1,1,1
1,1,1
1,1,1
1,1,1
1,0,0
1,1,0
1,1,0
1,1,1
1,1,1
1,1,0
1,1,1
1,1,0
1,1,0
0,0,0
1,1,0
1,1,0
1,0,0
1,1,1
1,1,1
1,1,1
1,1,1
1,1,0
1,1,1
1,1,1
0,0,0
1,1,1
1,1,0
1,1,1
1,0,0
1,1,1
1,0,0
1,1,1
1,0,0
1,1,1
1,1,1
1,1,0
0,0,0
1,1,1
1,1,1
1,1,1
1,1,0
1,1,1
1,1,1
1,1,0
1,1,1
1,1,1
1,1,1
1,1,1
1,1,1
1,1,1
1,0,0
1,1,1
1,0,0
1,1,0
1,1,1
1,1,1
1,1,0
0,0,0
1,1,0
1,1,0
1,1,1
1,1,0
1,1,1
0,0,0
1,1,0
1,1,0
1,1,1
1,1,1
1,1,1
1,1,1
1,1,1
1,1,0
1,1,1
1,1,0
1,1,1
1,1,1
1,1,1
1,1,1
1,1,0
1,1,1
1,1,1
0,0,0
1,1,0
1,1,1
1,1,0
1,1,1
1,1,1
1,1,1
1,1,1
1,1,1
1,1,0
0,0,0
1,1,1
1,1,1
1,1,1
1,1,0
1,1,0
1,1,1
1,0,0
1,1,0
1,1,0
1,1,1
1,1,0
0,0,0
1,1,1
0,0,0
1,1,1
1,1,1
1,1,1
1,1,1
1,0,0
1,1,1
1,1,1
1,1,1
1,1,0
1,1,1
1,1,0
1,1,1
1,1,1
1,1,0
1,1,0
1,1,1
1,1,0
1,0,0
1,1,1
1,0,0
1,1,1
1,0,0
1,1,0
1,1,0
1,1,0
1,1,1
1,1,1
1,1,0
1,1,1
1,1,0
1,1,1
1,1,1
0,0,0
1,1,1
1,1,1
1,1,0
1,1,0
1,1,0
0,0,0
1,1,0
1,0,0
1,1,1
1,1,1
1,1,1
1,1,0
1,0,0
1,1,0
1,1,1
0,0,0
1,1,0
1,1,1
1,1,1
1,1,1
1,1,1
1,1,1
0,0,0
1,1,1
1,1,0
1,1,1
1,1,1
1,1,1
1,1,1
1,1,1
1,1,1
1,1,1
1,1,0
1,1,1
1,1,1
1,1,0
1,1,1
1,1,1
1,1,1
1,1,1
1,1,1
1,1,1
1,0,0
1,1,1
1,1,1
1,1,0
1,1,0
1,1,1
1,1,1
1,1,1
1,1,1
1,1,1
1,1,1
1,1,0
1,1,1
1,1,1
1,1,1
1,1,1
1,1,0
1,1,1
1,1,1
1,1,1
1,1,1
1,0,0
1,1,1
1,1,1
1,1,1
1,1,0
1,1,1
1,1,1
1,1,1
1,1,1
0,0,0
1,1,1
1,1,0
1,1,1
1,1,0
1,1,0
1,1,1
1,1,1
1,1,1
1,1,0
1,1,0
1,1,1
1,1,0
1,1,1
1,1,1
1,1,1
1,0,0
1,1,1
1,1,1
1,1,1
1,1,1
0,0,0
0,0,0
1,1,0
1,1,1
1,1,1
1,1,0
1,1,1
1,1,1
1,0,0
1,1,1
1,1,1
1,1,1
1,1,1
1,1,1
1,1,1
1,1,1
1,1,1
1,1,1
1,1,1
1,1,0
1,1,1
1,0,0
1,1,1
1,1,1
1,0,0
0,0,0
1,1,0
1,1,1
1,1,1
1,1,1
0,0,0
1,1,0
1,1,0
1,1,1
1,1,1
1,1,1
1,1,0
0,0,0
1,1,0
1,1,1
1,1,1
1,1,1
1,1,0
1,1,0
0,0,0
1,1,1
1,0,0
1,1,0
1,1,1
1,1,1
1,1,1
1,1,1
1,1,0
1,0,0
1,1,1
1,1,0
1,1,0
1,1,1
1,1,1
1,1,1
1,1,1
1,1,1
1,1,1
1,1,1
1,0,0
1,1,0
1,1,0
1,1,1
1,1,0
1,1,1
1,1,0
1,1,0
1,1,0
1,1,0
1,1,0
0,0,0
1,1,1
1,1,1
1,1,1
0,0,0
1,1,1
1,1,0
1,1,1
1,1,1
1,1,1
1,1,1
1,1,0
1,1,1
1,1,0
1,1,0
1,1,1
1,1,1
1,1,1
1,1,1
1,1,1
1,1,1
1,1,1
1,1,1
1,1,0
1,0,0
1,1,1
1,1,1
1,1,1
1,1,1
1,1,0
1,1,1
1,1,1
1,1,1
1,1,1
1,1,1
1,1,0
1,1,1
1,1,1
1,1,0
1,1,1
1,1,0
0,0,0
1,1,1
1,1,1
1,1,1
1,1,0
0,0,0
1,1,1
1,1,1
1,1,0
1,1,0
1,1,1
1,1,0
1,1,1
1,1,1
1,1,1
1,1,1
1,1,1
1,1,1
0,0,0
1,1,1
1,1,1
1,1,1
1,1,1
1,1,1
1,1,0
1,1,0
0,0,0
1,1,1
1,1,1
1,1,0
1,1,0
1,1,1
1,1,1
0,0,0
0,0,0
1,1,0
0,0,0
1,1,0
1,1,1
1,1,1
1,1,1
1,1,0
1,1,0
1,1,1
1,1,0
0,0,0
0,0,0
1,1,1
1,1,1
1,0,0
1,1,1
1,1,0
1,1,1
1,1,0
0,0,0
1,1,1
1,1,0
1,1,1
1,1,0
1,1,1
1,1,1
0,0,0
1,0,0
1,1,1
1,1,1
0,0,0
1,1,1
1,1,1
1,1,1
1,1,0
1,1,1
1,1,0
0,0,0
1,1,1
1,1,1
1,1,1
1,1,1
1,0,0
1,1,1
1,1,0
1,1,1
1,1,1
1,1,1
1,1,0
1,1,0
1,1,1
1,1,1
1,1,1
1,1,0
1,1,1
1,1,1
1,1,0
1,1,1
1,1,1
1,1,0
0,0,0
1,1,1
1,1,0
1,1,1
1,1,1
1,1,0
1,1,1
1,1,1
1,1,0
1,1,0
1,1,1
1,1,1
1,1,1
1,1,1
1,1,1
1,1,1
1,1,1
1,1,0
0,0,0
1,0,0
1,1,1
1,1,1
0,0,0
1,1,1
1,1,0
1,1,1
1,1,1
1,1,1
1,1,1
1,1,1
1,1,0
1,1,1
1,1,0
1,0,0
1,1,1
1,0,0
1,1,1
1,1,1
1,0,0
1,1,1
0,0,0
1,1,0
1,1,1
1,1,1
1,1,0
1,1,1
1,1,1
1,1,0
1,1,0
1,1,1
1,1,0
1,1,1
1,1,1
1,1,0
1,1,1
1,0,0
1,1,0
1,1,1
1,1,1
1,1,0
1,1,0
1,1,1
0,0,0
1,0,0
1,1,1
1,1,1
1,1,1
0,0,0
1,1,1
1,1,0
1,1,1
1,1,0
1,1,1
0,0,0
1,1,1
1,1,1
1,1,0
1,1,1
1,1,1
1,1,1
1,1,1
1,0,0
1,1,1
1,1,1
1,1,1
1,1,1
1,1,1
0,0,0
1,1,0
1,1,1
0,0,0
1,1,0
1,0,0
1,1,1
1,1,0
1,1,1
1,1,1
1,1,1
1,1,1
1,1,1
1,1,1
1,1,1
1,1,1
1,1,0
1,1,0
1,1,1
1,1,0
0,0,0
1,1,1
1,1,1
1,1,0
0,0,0
0,0,0
1,1,1
1,1,1
0,0,0
0,0,0
1,1,0
1,1,0
1,1,1
1,1,1
1,1,1
1,1,0
1,1,1
1,1,1
1,1,1
1,1,1
1,1,0
1,1,1
0,0,0
1,1,1
1,1,1
1,1,1
1,1,0
1,1,1
1,1,0
1,1,1
1,0,0
1,1,1
1,1,0
1,1,1
1,1,1
1,1,0
1,1,1
1,1,0
1,1,1
1,1,1
1,1,1
1,1,1
1,1,1
1,1,1
1,1,1
1,1,1
0,0,0
1,1,0
1,1,1
1,1,1
1,1,1
1,1,1
1,1,1
1,1,1
0,0,0
1,1,1
1,1,1
1,1,1
1,1,1
1,1,1
1,1,1
1,1,0
1,1,0
1,0,0
0,0,0
1,1,1
1,1,1
1,1,1
1,1,1
1,1,1
0,0,0
1,1,1
1,1,1
1,0,0
1,1,0
1,1,1
1,1,0
1,1,1
1,1,1
1,0,0
1,1,1
1,1,1
1,1,1
0,0,0
1,1,1
1,1,0
1,1,1
1,1,0
1,1,0
1,1,1
1,1,0
1,1,0
1,1,1
1,1,1
1,1,1
0,0,0
1,1,1
1,1,1
0,0,0
1,1,0
1,1,1
1,1,1
1,1,1
1,1,1
1,1,1
1,1,1
1,1,1
1,1,1
0,0,0
1,1,1
0,0,0
1,1,1
0,0,0
1,1,1
1,1,0
1,1,1
1,1,1
1,1,0
1,1,0
1,1,1
0,0,0
1,1,0
1,1,1
1,1,1
1,1,1
1,1,0
1,1,1
1,0,0
1,1,1
1,1,1
1,1,1
1,1,1
1,1,1
1,1,1
1,1,1
1,1,1
1,1,1
1,1,1
1,1,1
1,1,1
0,0,0
1,1,1
1,1,1
1,1,0
0,0,0
1,1,0
1,1,0
1,1,1
1,1,1
1,1,1
1,0,0
1,1,1
1,1,1
0,0,0
1,1,1
1,1,1
1,1,1
1,1,1
1,1,1
1,1,0
1,1,1
1,1,1
0,0,0
1,1,1
0,0,0
1,1,1
1,1,0
1,1,0
1,1,1
1,1,1
1,1,1
1,1,1
1,1,1
1,1,0
1,1,1
1,1,1
1,1,0
1,1,1
1,1,1
1,1,1
1,1,1
0,0,0
1,1,1
1,1,1
0,0,0
1,1,1
1,1,0
1,1,1
1,1,1
0,0,0
1,1,0
1,1,0
1,1,1
1,1,1
1,0,0
1,1,1
1,1,0
1,1,1
1,1,0
1,1,0
0,0,0
0,0,0
1,1,1
1,1,0
1,1,0
1,1,1
0,0,0
1,1,1
1,1,1
1,1,1
1,1,1
1,0,0
1,1,1
1,0,0
1,1,0
0,0,0
1,1,1
1,1,0
1,0,0
1,1,0
0,0,0
1,0,0
1,1,0
0,0,0
1,1,1
1,1,1
1,1,1
1,1,0
1,1,0
1,1,0
1,1,1
1,1,1
1,1,1
1,1,0
1,1,0
1,0,0
1,1,0
1,1,0
1,1,1
1,1,1
1,1,1
1,1,1
1,1,0
1,1,0
1,1,1
1,1,0
1,1,1
1,1,1
1,0,0
1,1,1
1,1,1
1,1,1
0,0,0
1,0,0
1,1,1
1,1,1
1,1,0
1,1,1
1,1,1
1,1,1
1,1,1
1,1,0
1,1,0
1,1,1
1,1,0
1,0,0
0,0,0
1,0,0
0,0,0
1,1,0
0,0,0
1,1,1
1,1,1
1,1,0
1,0,0
0,0,0
1,1,1
1,1,1
1,0,0
1,1,1
1,0,0
1,1,1
1,1,1
1,1,0
1,1,0
1,1,0
1,1,1
1,1,1
0,0,0
0,0,0
1,1,1
1,0,0
1,1,1
1,1,1
1,1,0
1,1,1
1,1,1
1,1,1
1,1,1
1,1,1
1,1,1
0,0,0
1,1,1
1,1,1
1,1,1
1,0,0
1,0,0
1,1,1
1,1,1
1,1,0
1,1,0
1,1,0
1,1,1
1,0,0
1,1,1
0,0,0
1,1,1
1,1,0
1,1,1
1,1,1
1,1,1
1,1,1
1,1,1
1,1,0
1,1,1
1,1,0
1,1,1
1,1,1
1,1,0
0,0,0
1,1,1
1,1,0
1,1,1
1,1,1
1,0,0
1,1,1
1,1,1
1,1,1
1,1,1
1,0,0
1,1,0
1,1,1
1,1,1
1,1,1
1,1,1
1,1,0
1,1,1
1,1,1
1,1,1
1,1,1
1,0,0
1,1,1
1,0,0
1,1,0
1,1,0
1,1,1
1,1,0
1,1,1
1,1,0
1,1,0
1,0,0
1,1,1
1,1,1
1,1,0
1,1,1
0,0,0
1,1,1
1,0,0
1,0,0
1,1,0
1,1,0
1,1,1
1,1,1
1,1,0
1,1,0
1,1,1
1,1,1
1,1,1
1,1,1
1,1,1
1,1,1
1,1,1
1,1,1
1,1,0
1,1,1
1,1,0
1,1,1
0,0,0
1,1,1
1,1,1
1,1,1
1,1,0
1,1,0
1,1,1
1,1,1
1,1,1
1,0,0
1,1,0
1,1,1
1,1,1
0,0,0
1,1,1
1,1,1
1,1,1
1,1,1
1,0,0
1,1,1
1,1,1
1,1,0
1,1,0
1,1,1
1,1,1
1,1,1
1,1,1
0,0,0
1,1,0
1,1,1
1,1,1
1,1,0
1,1,1
1,1,1
1,1,1
1,1,1
1,1,0
1,0,0
1,1,1
1,1,1
0,0,0
1,0,0
1,1,1
1,1,1
1,0,0
1,1,0
1,1,0
1,1,1
0,0,0
1,1,1
1,1,1
1,1,1
1,1,1
1,0,0
1,1,1
1,1,0
1,1,0
1,1,1
1,1,1
1,1,1
1,1,1
1,1,0
1,1,1
0,0,0
1,1,1
1,0,0
1,1,1
1,1,1
1,1,1
1,1,0
1,1,1
1,1,0
1,1,1
1,1,0
1,1,1
1,1,1
0,0,0
1,1,1
1,0,0
1,1,1
1,1,1
1,1,1
0,0,0
1,1,1
1,1,1
1,1,0
1,1,1
1,1,1
1,1,1
1,1,1
1,1,1
1,1,1
1,0,0
1,1,1
1,0,0
1,0,0
1,1,0
1,1,0
1,1,0
1,1,1
0,0,0
1,1,1
1,1,1
0,0,0
1,1,1
1,1,0
1,1,1
1,1,1
1,1,1
1,1,1
1,1,1
1,1,1
1,1,1
1,1,1
1,1,1
1,1,1
0,0,0
1,1,0
1,1,1
1,1,0
1,1,1
1,1,1
1,1,1
1,1,1
1,1,0
1,1,1
0,0,0
1,0,0
1,0,0
0,0,0
1,1,1
1,1,0
1,1,1
0,0,0
1,1,0
1,1,1
1,0,0
1,1,1
1,1,1
1,0,0
1,1,1
1,1,0
1,1,1
0,0,0
1,1,1
1,1,1
1,1,0
1,1,1
1,1,1
1,1,1
1,1,1
1,1,1
1,1,1
0,0,0
1,1,1
0,0,0
1,1,0
0,0,0
1,1,1
1,1,1
0,0,0
1,1,1
1,1,1
1,1,1
1,1,1
1,1,0
1,1,1
1,1,1
1,1,1
0,0,0
1,1,1
1,1,1
1,1,1
1,1,0
1,1,1
1,1,1
1,1,1
1,1,1
1,1,1
1,1,1
1,1,1
1,1,1
1,1,1
1,1,0
1,1,1
1,1,1
1,1,1
1,1,0
1,0,0
1,0,0
1,1,1
1,1,1
1,1,1
1,1,0
0,0,0
1,1,1
1,1,0
1,1,0
1,1,1
1,1,1
1,1,1
1,1,1
1,1,1
1,1,1
1,1,0
0,0,0
1,1,1
1,1,0
0,0,0
1,1,1
1,1,1
1,1,1
1,1,1
1,1,1
1,1,1
1,1,1
1,1,1
1,1,1
1,1,0
1,1,1
1,0,0
0,0,0
1,1,0
1,1,1
0,0,0
1,1,0
1,0,0
1,1,1
1,1,0
1,1,1
1,1,0
1,1,1
1,1,1
1,1,0
0,0,0
1,1,1
1,1,0
1,1,0
1,1,1
1,1,1
1,1,1
0,0,0
1,1,1
0,0,0
1,1,0
1,1,1
1,1,1
1,1,1
1,1,1
1,1,0
1,1,0
1,1,1
1,1,0
1,1,0
1,1,0
1,1,1
1,0,0
1,1,0
1,1,1
1,1,1
1,1,1
1,1,0
1,1,1
1,1,0
1,1,1
1,1,1
1,1,1
0,0,0
1,1,0
1,1,0
0,0,0
1,1,1
1,1,1
1,1,1
0,0,0
1,1,1
1,1,0
1,1,1
1,1,1
1,1,1
1,1,1
1,1,0
1,1,1
1,1,1
1,1,0
1,1,1
1,1,1
1,1,1
1,1,1
1,1,1
1,1,0
1,1,1
1,1,1
1,0,0
1,1,1
1,1,0
1,1,0
0,0,0
1,1,1
1,1,0
0,0,0
1,0,0
1,1,1
1,1,0
1,1,1
1,1,1
1,0,0
1,1,1
1,1,1
1,1,1
1,1,0
1,1,1
1,1,1
1,1,0
1,1,1
0,0,0
1,1,0
1,1,1
1,1,0
1,1,1
1,1,1
1,1,1
1,1,1
1,1,0
1,1,0
1,1,1
1,1,1
1,1,0
1,1,1
1,1,1
1,1,1
1,1,1
1,1,1
1,1,1
1,1,1
1,1,1
1,1,1
1,1,1
1,1,0
1,1,1
1,0,0
1,1,1
1,1,1
1,1,1
1,1,1
0,0,0
1,1,1
1,1,1
1,1,1
1,1,1
1,1,1
1,1,1
1,1,1
0,0,0
1,1,1
0,0,0
1,1,1
1,1,1
1,1,1
1,1,1
1,1,1
1,1,1
1,0,0
1,1,1
1,0,0
1,1,0
1,1,1
1,1,1
1,1,1
1,1,1
1,1,1
1,1,1
1,1,1
1,1,1
1,1,1
1,1,1
1,0,0
1,1,1
1,1,1
1,1,1
0,0,0
1,1,1
1,1,1
1,1,1
1,1,1
1,1,1
1,1,1
1,1,1
1,1,1
1,1,1
1,1,1
1,1,1
1,1,1
1,1,1
1,1,0
1,0,0
0,0,0
1,1,1
1,1,0
1,1,1
1,0,0
1,1,1
1,1,0
1,1,1
1,1,0
1,0,0
1,1,1
1,1,0
1,1,1
1,1,1
1,1,0
1,1,1
1,1,1
1,1,1
1,1,0
1,1,1
1,1,1
1,1,0
1,1,0
1,1,1
1,1,1
1,1,1
1,1,1
0,0,0
1,1,0
1,1,1
1,1,1
1,1,1
1,1,1
1,1,1
1,1,0
1,1,1
1,1,1
1,1,0
1,0,0
1,1,0
0,0,0
1,1,1
1,1,1
1,1,0
1,1,1
1,1,1
1,1,1
1,1,1
1,1,0
0,0,0
1,1,1
1,1,1
1,1,0
1,1,1
1,1,1
1,1,0
1,1,0
1,1,1
1,1,1
0,0,0
1,1,1
1,1,1
1,1,0
1,1,0
1,0,0
1,1,1
0,0,0
1,1,1
1,1,1
1,1,1
1,1,1
1,1,0
1,1,1
1,1,1
1,1,1
1,1,1
1,1,1
1,1,1
0,0,0
1,1,0
1,1,1
1,1,0
1,1,1
1,1,1
1,1,0
0,0,0
1,1,1
1,1,1
1,1,0
1,1,1
1,1,1
1,0,0
1,1,1
1,1,1
1,0,0
1,1,1
1,1,1
1,1,0
1,1,1
1,1,1
1,1,1
1,1,1
1,1,1
1,1,1
1,1,1
1,1,0
1,1,1
1,1,0
1,1,1
1,1,1
1,1,1
0,0,0
1,1,1
0,0,0
1,1,0
1,1,0
1,1,1
1,1,1
1,1,0
1,1,0
1,1,1
1,1,0
1,1,0
1,1,1
1,1,0
1,1,1
1,1,1
1,1,0
1,1,1
1,0,0
1,1,1
1,1,1
1,1,0
1,1,0
1,1,0
1,1,1
1,1,0
1,1,0
1,1,1
1,1,1
1,1,1
1,0,0
1,1,1
1,1,1
1,0,0
1,1,0
1,1,1
1,1,0
1,1,1
1,1,1
1,1,1
1,1,0
1,1,1
1,1,0
1,1,1
1,1,1
1,1,0
1,1,1
1,1,1
1,1,1
1,1,1
1,1,1
1,1,1
0,0,0
1,1,1
1,1,1
1,1,0
1,1,1
1,1,0
1,1,1
1,1,1
1,1,0
0,0,0
1,1,1
1,1,0
1,1,1
1,1,0
1,1,0
1,1,1
1,1,1
1,1,0
1,1,0
0,0,0
1,1,0
1,1,1
1,1,1
1,1,1
1,1,1
1,1,1
0,0,0
1,1,1
1,1,1
1,1,1
1,1,1
1,1,1
0,0,0
0,0,0
1,1,1
0,0,0
1,1,1
1,1,1
1,1,1
1,1,0
1,1,1
1,1,0
0,0,0
1,1,0
1,1,1
1,1,0
0,0,0
1,1,1
1,1,1
1,1,0
1,1,0
1,1,1
1,1,1
1,1,0
1,1,0
1,1,1
1,1,1
1,1,0
1,1,1
1,1,1
1,1,0
1,1,1
1,1,1
1,1,0
1,1,1
1,1,1
1,1,1
1,1,1
1,1,1
1,1,1
1,1,1
1,1,0
0,0,0
1,1,0
0,0,0
1,1,1
1,1,1
1,1,1
1,1,1
1,1,1
1,1,1
1,1,1
1,1,1
1,1,1
1,1,0
1,1,0
1,0,0
1,1,1
1,1,1
1,1,1
1,1,1
1,1,0
1,1,1
1,1,0
1,1,1
1,1,1
1,1,1
1,1,1
1,1,0
1,1,0
1,1,0
1,1,1
1,1,1
1,1,1
1,1,1
1,1,1
1,1,1
1,1,1
1,1,1
0,0,0
1,1,1
1,1,1
1,1,1
0,0,0
1,1,0
1,1,1
1,1,1
1,1,1
1,1,1
1,1,1
1,1,1
1,1,0
1,1,1
1,1,1
1,1,1
1,1,1
1,1,0
1,1,1
1,1,1
1,1,0
1,1,1
1,1,1
1,1,1
1,1,1
1,1,1
1,1,1
1,1,1
1,1,1
0,0,0
0,0,0
1,1,0
1,1,1
1,1,1
1,1,1
0,0,0
1,1,1
1,1,0
1,1,1
1,1,1
1,0,0
1,1,1
0,0,0
1,1,1
1,1,1
1,1,1
1,1,0
1,1,1
1,1,0
1,1,1
1,1,1
1,1,1
1,1,0
1,1,1
1,1,1
1,1,1
0,0,0
1,1,1
1,1,1
1,1,1
1,1,1
1,1,1
1,1,1
1,1,1
1,1,0
1,1,1
1,1,0
0,0,0
1,1,1
1,1,1
1,0,0
1,1,1
1,1,1
1,1,1
1,1,1
1,1,0
1,1,0
1,1,1
1,1,0
1,1,1
1,1,1
1,1,0
1,1,1
1,1,1
1,1,0
1,1,0
1,1,0
1,1,1
0,0,0
1,1,1
1,1,1
1,1,0
1,1,1
1,1,0
1,1,1
1,1,1
1,1,1
1,1,1
1,0,0
1,1,0
1,1,0
1,1,0
1,1,1
1,1,1
1,1,1
1,1,0
1,1,1
1,1,1
1,1,1
1,1,0
1,1,1
1,0,0
1,1,1
1,1,1
1,1,0
1,1,1
1,1,0
1,1,1
0,0,0
1,1,1
1,1,1
1,1,0
1,1,0
1,1,1
1,1,1
1,1,1
1,1,1
1,1,1
1,1,0
1,1,1
1,1,1
1,0,0
1,1,1
1,1,1
1,1,1
1,1,1
0,0,0
1,1,1
1,1,0
1,1,1
1,1,1
1,0,0
1,1,0
1,1,1
1,0,0
1,1,0
1,1,1
1,1,0
1,1,1
1,1,1
0,0,0
1,1,1
1,1,1
1,1,1
1,1,1
1,1,0
0,0,0
0,0,0
1,1,1
1,0,0
1,1,1
1,1,1
1,1,1
1,1,1
1,1,1
1,1,1
1,1,0
1,1,0
1,1,1
1,1,1
1,1,1
1,0,0
1,1,1
1,1,1
1,1,1
1,1,1
1,1,1
1,1,1
1,1,0
1,1,1
1,1,1
1,1,0
1,1,0
1,1,0
1,1,0
0,0,0
1,1,1
1,1,0
1,0,0
1,1,0
0,0,0
1,1,1
0,0,0
1,1,1
0,0,0
1,1,1
1,1,1
1,1,1
1,1,0
1,1,1
0,0,0
1,1,1
1,1,1
1,1,1
1,0,0
1,1,1
1,1,0
0,0,0
1,1,1
1,1,1
0,0,0
1,1,1
1,1,0
1,1,1
1,1,1
1,1,1
1,1,1
1,1,1
1,1,0
1,1,1
1,1,0
1,1,1
1,0,0
1,1,1
1,1,0
1,1,0
1,0,0
0,0,0
1,1,1
1,1,1
1,1,0
1,1,1
1,1,1
1,0,0
1,1,1
1,1,1
1,1,0
0,0,0
1,1,1
1,1,0
1,1,0
1,1,1
1,1,1
1,1,1
1,1,1
0,0,0
1,1,1
1,1,0
1,1,1
1,0,0
1,1,1
0,0,0
1,1,1
1,1,1
1,1,1
1,1,1
1,1,0
1,1,1
1,1,0
1,1,0
1,1,1
1,1,1
1,1,1
1,1,1
1,1,1
1,1,0
1,1,1
1,1,1
1,1,1
1,1,1
1,1,0
1,1,1
1,1,1
1,1,1
1,1,1
1,1,0
1,0,0
0,0,0
1,1,1
1,1,1
1,1,1
0,0,0
1,1,1
1,1,1
1,1,0
1,1,1
1,1,1
1,1,1
1,1,1
1,1,1
1,1,1
1,1,0
1,1,1
1,1,1
1,1,1
1,1,1
1,1,1
1,1,1
1,1,1
0,0,0
0,0,0
1,1,1
1,1,1
1,1,1
1,0,0
1,1,1
1,1,1
1,0,0
1,0,0
1,1,1
1,1,1
1,0,0
0,0,0
1,1,1
1,1,1
1,1,1
1,1,0
1,1,1
1,1,1
1,1,1
1,0,0
1,1,0
1,0,0
1,1,0
1,1,1
1,1,1
1,1,1
1,1,1
1,1,0
1,1,1
1,1,0
0,0,0
1,1,1
1,1,1
1,1,1
0,0,0
1,1,1
1,1,1
1,1,1
1,0,0
1,1,1
1,1,1
1,1,0
1,1,1
1,1,1
1,1,1
1,1,1
1,1,1
1,1,1
1,1,1
0,0,0
1,1,1
1,1,0
1,1,0
1,1,0
1,1,1
0,0,0
1,1,1
1,0,0
1,1,1
1,1,1
1,1,0
1,1,1
0,0,0
1,1,0
1,1,1
1,1,1
1,1,0
1,1,1
0,0,0
0,0,0
0,0,0
1,1,1
1,1,1
1,1,1
1,1,1
1,1,1
1,1,0
1,1,1
1,0,0
1,1,0
1,1,1
1,1,0
1,1,0
1,1,1
1,1,1
1,1,1
0,0,0
1,1,1
1,1,0
1,0,0
1,1,1
1,1,1
1,1,1
1,1,0
1,1,1
1,1,1
1,1,1
1,0,0
1,1,1
1,1,1
1,1,1
1,1,1
1,1,1
1,1,1
1,1,1
1,1,1
1,1,1
1,0,0
1,1,0
1,1,0
1,1,1
1,1,1
1,0,0
1,0,0
1,1,1
1,1,0
1,1,1
1,1,0
1,1,1
1,1,0
1,1,1
1,1,1
1,1,1
1,1,1
1,1,1
1,1,1
0,0,0
1,1,1
1,1,1
1,1,1
1,1,1
1,1,1
1,0,0
1,1,1
0,0,0
1,1,1
1,1,1
1,1,1
0,0,0
1,1,1
1,1,1
1,1,1
1,1,0
1,1,1
1,1,1
1,1,1
1,1,1
1,1,1
1,1,1
1,1,1
1,1,1
1,1,0
1,1,1
1,1,1
1,1,1
1,1,1
1,1,1
1,1,1
1,1,1
0,0,0
1,1,1
1,1,0
1,1,1
1,1,0
1,1,1
1,0,0
1,1,0
1,1,1
1,1,0
1,0,0
1,1,0
1,1,0
1,1,1
1,1,1
1,1,1
1,1,0
1,1,1
0,0,0
1,1,1
1,1,1
1,1,0
1,1,1
1,1,1
1,1,1
1,1,1
1,1,1
0,0,0
1,1,0
1,1,1
1,1,1
1,1,0
1,1,1
1,1,0
1,1,1
1,1,0
1,1,1
1,1,0
1,1,0
1,1,0
1,1,1
1,1,1
1,1,0
1,1,1
1,1,0
1,1,1
1,1,1
1,1,1
0,0,0
1,1,1
1,1,1
0,0,0
1,1,0
1,1,1
1,1,1
1,1,1
1,1,1
1,1,1
1,1,1
1,1,0
1,1,1
1,1,0
1,1,1
1,1,1
1,1,1
1,1,0
1,1,1
1,1,1
1,1,1
1,1,1
1,1,1
1,1,1
1,1,0
1,0,0
1,1,1
1,1,0
1,1,0
0,0,0
1,1,1
1,1,0
1,0,0
1,1,1
1,1,1
1,1,1
1,1,0
1,1,1
1,1,0
1,0,0
1,1,0
1,1,1
1,1,1
0,0,0
1,1,1
1,1,0
1,0,0
1,1,1
1,0,0
1,1,1
1,1,1
1,1,1
1,0,0
1,1,0
1,1,0
1,1,0
1,1,1
1,1,0
1,1,1
1,1,1
1,1,1
0,0,0
1,1,1
1,1,1
1,1,1
1,1,1
1,1,1
1,1,1
1,1,0
1,1,0
1,1,1
1,0,0
1,1,1
1,1,1
1,1,1
1,0,0
0,0,0
1,1,0
1,1,1
1,1,0
1,1,0
1,1,0
0,0,0
1,1,1
1,1,1
1,1,0
1,1,1
1,1,0
1,1,1
0,0,0
1,0,0
1,1,1
1,1,0
1,1,1
1,1,1
1,1,1
1,1,1
1,1,1
1,1,0
1,1,1
1,1,1
1,1,1
1,1,1
1,1,1
1,1,1
1,1,1
1,1,1
1,1,1
1,1,0
1,1,1
1,1,0
1,1,0
1,1,1
1,1,1
1,0,0
1,1,0
1,1,0
1,1,0
1,1,1
1,1,1
1,1,0
1,1,0
1,1,1
1,1,1
1,1,1
1,1,1
1,1,1
1,1,0
1,1,0
1,1,1
1,1,1
1,0,0
1,1,1
1,0,0
1,1,0
0,0,0
1,1,1
1,1,0
1,1,1
1,1,1
1,1,0
1,1,1
1,1,0
1,1,1
1,1,0
1,0,0
1,1,1
1,1,1
1,1,0
1,1,1
1,1,1
1,1,1
1,1,1
1,1,1
1,1,0
1,1,1
0,0,0
1,1,1
1,1,1
1,1,1
1,0,0
1,1,1
1,1,0
1,1,1
1,1,1
1,1,1
1,1,0
1,1,0
0,0,0
1,1,1
1,1,1
1,1,0
1,0,0
1,1,1
1,1,1
1,1,1
1,1,0
1,1,1
1,1,1
0,0,0
0,0,0
1,1,1
1,1,1
1,1,1
1,1,1
1,1,0
1,1,1
1,1,1
1,1,0
1,1,1
1,1,0
1,1,1
1,1,0
1,1,1
0,0,0
1,1,0
1,1,1
1,1,1
1,1,0
1,1,1
1,1,1
1,1,1
1,1,0
1,1,0
1,1,1
0,0,0
1,1,1
1,1,1
1,1,1
1,1,1
1,1,0
1,1,1
1,0,0
1,1,1
0,0,0
1,1,1
1,1,1
0,0,0
1,1,1
1,1,1
1,1,1
1,1,1
1,1,1
1,1,1
1,1,1
1,1,1
1,0,0
1,1,1
1,1,1
1,1,0
1,1,1
0,0,0
1,1,0
1,1,0
1,1,1
1,1,0
1,1,1
1,1,1
1,1,1
1,1,0
1,1,1
0,0,0
1,0,0
1,1,0
1,1,1
1,1,0
1,1,0
1,1,1
0,0,0
1,1,1
1,0,0
1,1,1
1,1,1
1,1,0
1,1,0
1,1,0
1,1,1
1,1,1
1,1,0
1,1,1
1,1,1
1,1,1
1,1,1
1,1,0
1,1,0
1,1,1
1,1,1
1,0,0
1,1,0
1,0,0
1,1,0
1,1,1
1,1,1
1,1,0
1,1,0
1,1,1
1,1,1
1,1,1
1,1,0
1,1,1
1,1,1
1,1,1
1,1,1
1,1,1
1,1,0
1,1,1
0,0,0
1,1,0
1,1,1
1,1,1
1,1,1
1,0,0
1,1,0
1,1,1
1,1,1
0,0,0
1,1,1
1,1,1
1,1,1
1,1,1
1,1,1
1,1,1
1,0,0
1,1,1
1,1,1
1,1,1
1,1,0
1,1,1
1,1,1
1,1,1
1,0,0
0,0,0
1,1,1
1,1,0
1,1,1
1,1,1
1,1,1
0,0,0
0,0,0
1,1,0
1,1,0
1,1,0
1,1,1
1,1,1
1,1,0
1,0,0
1,1,1
1,1,1
1,1,1
1,1,1
1,1,1
1,1,1
1,1,0
1,0,0
1,1,1
1,1,0
1,1,1
1,1,0
0,0,0
1,1,0
1,1,0
1,1,1
1,1,0
1,1,0
1,1,0
1,1,1
1,1,0
1,1,1
1,1,1
0,0,0
1,1,1
1,1,1
1,1,1
1,1,1
1,1,1
1,1,1
1,1,1
0,0,0
1,1,0
1,1,1
1,1,1
1,1,1
1,1,0
1,1,1
0,0,0
1,1,1
1,1,0
0,0,0
1,0,0
1,1,0
1,1,1
1,1,1
1,1,0
1,1,1
1,1,1
1,1,0
1,1,0
1,1,1
1,1,1
0,0,0
1,1,1
1,1,1
1,1,1
1,1,1
1,1,1
1,1,1
1,1,1
1,1,0
1,1,1
1,1,0
1,1,1
1,1,1
1,1,1
1,1,1
1,1,1
1,1,1
1,1,1
1,1,1
1,1,0
1,1,1
1,1,1
1,1,1
1,1,1
1,1,1
1,1,1
1,1,1
0,0,0
1,1,0
1,1,1
1,1,1
1,1,1
1,0,0
1,1,1
1,1,1
1,1,1
1,1,1
1,0,0
1,1,1
1,1,1
1,1,1
1,1,1
1,1,1
1,1,1
1,1,1
1,1,0
1,1,1
1,1,1
0,0,0
1,1,1
1,1,1
1,1,1
1,1,1
1,1,1
1,1,0
1,1,1
1,1,1
1,0,0
1,1,1
1,1,1
1,1,1
1,1,1
1,1,1
1,1,1
1,1,1
1,1,1
1,1,1
1,1,0
1,1,0
1,1,0
1,1,1
1,1,1
1,1,1
1,1,0
1,1,1
0,0,0
1,1,1
1,1,1
1,0,0
1,1,0
1,1,0
1,1,1
1,1,0
1,1,1
1,1,0
1,1,0
1,1,1
1,0,0
1,1,0
1,1,1
1,1,0
1,1,1
1,1,1
1,1,0
1,1,1
1,1,1
1,1,1
1,1,0
0,0,0
1,1,1
1,1,0
0,0,0
0,0,0
1,1,1
1,1,0
1,1,0
1,1,0
1,1,1
1,1,1
1,1,1
1,1,1
1,1,1
1,1,1
1,1,0
1,1,1
1,1,0
1,1,1
1,1,1
1,1,1
1,1,1
1,1,0
1,1,0
1,1,1
1,1,0
1,1,1
1,1,1
1,1,1
1,1,0
1,1,0
1,1,1
1,1,1
1,1,1
1,1,1
1,1,1
1,1,1
1,1,1
1,1,0
1,1,1
1,1,0
1,1,1
1,1,1
1,1,1
0,0,0
1,1,1
1,1,1
1,0,0
1,1,1
1,1,1
1,1,1
1,1,1
1,1,1
1,1,1
1,1,0
1,1,1
1,1,0
1,1,1
1,1,1
1,1,1
1,0,0
1,1,0
1,1,0
1,1,1
1,1,1
1,1,1
1,1,1
1,1,0
1,1,1
1,1,1
1,1,1
1,1,0
1,1,1
1,1,1
1,0,0
1,1,0
1,1,1
1,1,0
0,0,0
1,1,0
1,1,1
1,1,0
1,1,0
1,1,1
1,1,0
1,1,0
1,1,1
1,1,1
1,1,1
1,1,1
0,0,0
1,1,1
1,1,1
1,1,1
1,0,0
1,1,1
1,1,1
1,1,1
1,0,0
1,1,1
1,1,1
1,0,0
1,1,1
1,1,1
1,1,1
0,0,0
1,1,1
1,1,1
1,1,1
1,1,1
1,1,1
1,1,1
1,1,1
1,1,1
1,1,1
1,1,0
1,1,0
0,0,0
1,1,1
1,1,1
1,1,1
1,1,1
1,1,1
0,0,0
1,1,1
0,0,0
1,1,1
1,1,1
1,1,0
1,1,1
1,1,0
1,1,1
1,1,1
1,1,0
1,1,1
1,1,0
1,1,1
1,1,1
1,1,1
1,1,1
1,1,1
1,1,1
1,1,0
1,0,0
1,1,0
1,1,1
1,1,0
1,1,1
1,1,1
1,1,1
1,1,0
1,1,1
1,0,0
0,0,0
1,1,1
1,1,1
1,1,1
1,1,1
1,1,0
1,1,1
1,1,1
1,1,1
1,1,1
1,1,1
1,1,1
1,1,1
1,1,0
1,1,1
1,1,1
1,1,0
1,1,1
1,1,1
1,1,1
1,1,0
1,0,0
1,1,1
1,1,1
1,1,0
0,0,0
1,1,0
1,1,1
1,1,1
1,1,1
0,0,0
1,1,1
0,0,0
1,1,1
1,1,1
1,1,1
1,1,1
1,1,1
1,1,1
1,1,1
1,1,1
0,0,0
1,1,1
1,1,1
0,0,0
1,1,1
1,1,1
1,1,1
1,1,1
1,0,0
1,1,1
1,1,1
1,1,0
1,1,0
1,1,1
1,1,1
1,1,0
1,1,1
1,1,1
1,1,1
1,1,1
1,1,0
1,1,1
1,1,1
1,1,1
1,1,1
1,1,1
1,1,1
1,1,1
1,1,0
1,1,1
1,0,0
1,1,0
1,1,1
1,1,0
0,0,0
1,1,1
1,1,1
1,1,1
1,1,1
1,1,1
1,1,0
1,1,1
1,1,1
1,1,1
1,1,1
1,1,1
1,1,0
1,1,1
0,0,0
1,1,1
1,1,1
1,1,1
1,1,0
1,1,1
1,0,0
1,0,0
1,1,0
1,0,0
1,1,1
1,1,1
1,1,1
1,1,1
1,1,1
1,1,1
1,1,1
1,1,1
0,0,0
1,1,1
1,1,1
1,1,0
1,1,1
1,1,1
1,0,0
1,1,1
1,0,0
1,1,1
1,1,0
1,1,1
1,1,0
1,1,1
1,1,1
1,1,1
1,1,1
1,1,1
1,1,1
1,1,1
1,1,1
1,1,1
1,1,1
1,1,1
1,1,1
1,1,1
1,1,1
1,1,1
1,1,1
1,1,1
1,1,1
1,1,1
0,0,0
1,1,1
1,1,0
1,1,1
1,0,0
1,1,1
1,1,0
1,1,0
1,1,1
1,1,1
1,1,0
1,1,0
1,1,1
1,1,0
1,1,0
1,1,0
0,0,0
1,1,1
1,1,1
1,1,0
1,1,1
1,1,1
1,1,0
1,0,0
1,1,1
1,1,1
1,1,1
1,0,0
1,1,0
1,1,1
1,1,1
1,1,1
1,1,1
1,0,0
1,1,0
1,1,1
0,0,0
1,1,1
1,1,1
1,1,0
1,1,1
0,0,0
1,1,1
1,1,1
1,1,1
1,1,1
1,1,1
1,1,0
0,0,0
1,0,0
0,0,0
1,1,1
1,1,0
1,1,1
1,1,1
1,1,0
1,1,0
1,1,0
1,0,0
1,1,1
1,1,1
1,1,1
1,1,0
1,1,1
1,1,0
1,1,1
1,0,0
1,1,1
0,0,0
1,0,0
1,1,1
1,1,1
1,1,1
1,0,0
1,1,0
1,0,0
1,1,0
0,0,0
1,1,0
1,1,1
1,1,0
1,1,1
0,0,0
1,1,1
1,1,1
1,1,0
1,1,1
1,1,0
0,0,0
1,1,1
1,0,0
1,1,1
1,1,0
1,1,1
1,1,0
1,1,1
1,1,0
1,1,0
1,1,1
1,1,1
1,1,0
1,1,1
1,1,1
1,1,0
1,1,1
1,1,1
1,1,1
1,1,1
1,1,1
1,1,1
1,1,1
1,1,0
1,1,1
0,0,0
1,1,1
1,1,1
1,1,1
1,1,1
1,1,0
1,1,1
1,1,1
1,1,1
1,1,1
1,1,1
1,1,1
1,1,0
1,1,1
1,1,0
1,1,1
1,1,1
1,1,1
1,1,0
1,1,1
1,1,0
0,0,0
1,1,1
1,1,1
1,1,1
1,1,1
1,1,1
1,1,0
1,1,1
1,1,1
1,1,0
1,1,0
1,1,0
1,1,1
1,1,0
1,1,1
1,0,0
1,1,1
0,0,0
1,1,1
1,1,1
1,1,1
1,1,1
1,1,1
1,1,0
1,1,0
1,1,1
1,1,1
1,1,1
1,1,1
1,1,0
1,1,0
0,0,0
1,1,0
1,1,1
1,1,1
1,1,0
1,1,1
1,1,1
1,0,0
1,1,1
1,0,0
1,1,1
1,1,1
1,1,1
1,1,0
1,1,1
1,1,0
1,1,0
1,1,1
1,1,1
1,1,1
0,0,0
1,1,1
1,1,0
1,1,0
1,1,1
1,1,0
1,1,1
1,1,1
1,1,1
1,1,0
1,1,0
1,1,1
1,0,0
1,1,1
1,1,0
1,1,1
1,1,1
1,1,1
1,1,1
1,0,0
1,1,1
1,1,1
1,1,1
1,1,0
1,1,1
0,0,0
1,1,0
1,1,1
0,0,0
1,1,1
1,1,1
1,1,1
0,0,0
1,1,0
1,1,1
1,1,1
1,1,1
1,1,1
1,1,1
1,1,1
0,0,0
1,1,1
1,1,1
1,1,0
1,0,0
1,1,1
1,1,0
1,1,0
1,1,1
1,1,1
1,1,0
1,1,1
0,0,0
1,1,1
1,0,0
1,1,1
0,0,0
1,1,1
0,0,0
1,1,1
1,1,1
1,1,1
1,1,0
1,1,1
1,1,1
1,1,1
1,1,0
1,1,1
1,1,1
1,1,0
1,0,0
0,0,0
1,1,1
1,1,1
1,1,1
1,1,1
1,1,1
0,0,0
0,0,0
1,1,1
1,1,1
1,1,1
1,1,1
1,0,0
1,1,1
1,1,0
1,1,1
1,1,1
1,1,1
1,1,0
1,1,1
1,0,0
1,1,1
1,1,1
1,1,0
1,1,0
1,1,0
1,1,1
1,1,1
1,1,1
1,1,1
1,1,0
1,1,1
1,1,1
1,1,1
1,1,1
0,0,0
1,1,0
1,1,0
1,0,0
1,1,0
1,1,1
1,1,1
0,0,0
1,1,1
1,0,0
1,1,0
0,0,0
1,1,1
1,1,1
1,1,1
1,1,0
1,1,0
1,1,0
1,1,0
1,1,1
1,1,0
1,1,1
1,1,1
1,1,1
1,1,1
1,1,1
0,0,0
1,1,1
1,1,1
1,1,0
1,1,1
1,1,1
1,1,1
1,1,1
1,1,1
0,0,0
1,1,1
1,1,1
1,1,1
1,1,1
1,1,0
1,1,1
1,1,1
1,1,1
1,1,1
1,0,0
1,1,1
1,1,0
1,1,0
1,1,1
1,1,1
1,1,1
1,1,1
1,0,0
1,1,1
0,0,0
1,0,0
1,1,0
1,1,1
1,1,1
1,1,1
1,1,1
0,0,0
1,1,1
1,1,0
1,0,0
1,1,1
1,1,1
1,1,1
1,1,0
1,1,1
1,1,1
1,1,1
1,1,1
1,1,1
1,1,1
1,1,1
1,1,0
1,1,1
1,1,1
1,1,1
1,1,1
0,0,0
1,1,1
1,1,0
1,1,1
1,1,1
1,1,0
1,1,0
1,1,1
1,1,1
0,0,0
1,1,0
1,1,1
1,1,1
1,1,0
1,1,1
0,0,0
1,1,1
1,1,1
1,1,1
1,1,1
1,1,0
1,1,0
1,1,1
1,1,1
1,0,0
1,1,1
1,1,1
0,0,0
1,1,1
1,1,0
1,1,1
1,1,1
1,1,0
1,1,1
1,1,0
1,0,0
1,1,1
1,1,0
0,0,0
1,1,1
1,0,0
1,1,1
1,1,0
1,1,1
1,1,1
1,1,1
1,1,1
1,1,1
1,1,0
1,1,1
1,1,1
1,1,1
1,1,0
1,1,0
1,1,0
1,1,1
1,1,0
0,0,0
0,0,0
1,1,1
1,1,1
1,1,0
1,1,1
1,1,1
1,1,0
1,1,0
1,1,1
1,1,0
1,1,0
1,1,1
1,1,1
1,1,1
1,1,1
1,1,0
1,1,0
1,1,1
1,1,1
1,1,1
1,1,0
1,1,1
1,1,1
1,1,0
1,1,1
1,1,0
1,1,0
1,1,0
1,1,0
1,1,0
1,1,1
1,1,1
1,1,1
1,1,1
1,1,1
1,1,1
1,1,1
1,0,0
1,1,1
1,1,1
1,1,0
1,1,1
1,1,0
1,1,1
1,0,0
1,1,1
1,1,1
1,0,0
0,0,0
0,0,0
1,1,1
1,1,1
1,0,0
1,1,1
1,1,1
1,1,1
1,1,1
1,1,1
1,0,0
1,1,0
1,1,1
1,1,0
1,1,0
1,1,1
1,1,0
1,1,1
1,1,1
1,1,0
1,1,1
1,1,1
1,1,1
1,1,1
1,1,1
1,1,1
1,1,0
0,0,0
1,1,1
1,0,0
1,1,1
1,1,0
1,1,1
1,1,1
1,1,1
1,1,0
1,1,1
1,1,0
1,1,1
1,1,0
1,0,0
1,1,1
1,1,1
1,1,1
1,1,1
1,1,1
1,0,0
1,1,1
1,1,1
1,1,1
1,1,0
1,0,0
1,1,0
1,1,1
1,1,1
1,1,1
1,1,1
1,1,0
1,1,1
1,1,0
1,1,0
1,1,0
1,1,0
1,1,1
1,1,0
1,1,1
1,1,1
1,1,1
1,1,1
1,1,1
1,1,1
1,1,1
1,0,0
1,1,1
1,1,1
0,0,0
1,1,0
1,1,1
0,0,0
1,1,1
0,0,0
1,1,1
1,1,1
1,1,0
1,1,1
1,1,1
1,1,1
1,1,1
0,0,0
1,1,1
1,1,1
1,1,1
0,0,0
1,0,0
1,1,1
1,1,0
1,1,0
1,1,1
1,1,1
1,1,0
1,1,1
1,1,1
1,1,0
1,1,1
1,1,1
1,1,1
1,1,1
1,1,1
1,1,1
1,1,1
1,1,1
1,0,0
1,1,1
0,0,0
1,1,0
0,0,0
1,1,0
1,0,0
1,1,1
1,1,0
1,1,1
1,1,0
1,1,0
1,1,0
1,1,1
0,0,0
1,1,1
1,1,1
1,1,1
0,0,0
1,1,1
1,1,1
1,1,1
1,1,1
1,1,1
1,1,0
1,1,1
1,1,1
1,1,1
1,1,0
1,1,1
1,1,1
1,1,0
1,1,0
1,0,0
1,1,1
1,1,1
1,1,0
0,0,0
1,1,0
1,1,1
1,1,1
1,1,1
1,1,0
1,1,1
1,1,1
1,1,1
0,0,0
1,1,0
1,1,0
1,1,0
1,1,1
1,1,1
0,0,0
1,1,0
1,1,1
1,1,1
1,1,1
1,1,1
1,1,1
1,1,1
1,1,1
1,1,0
1,1,1
1,0,0
1,1,0
1,1,1
1,1,1
1,1,1
1,0,0
0,0,0
1,1,1
1,1,1
1,1,1
1,1,1
1,1,1
1,1,1
1,1,0
1,1,1
1,1,1
1,1,1
1,1,0
1,1,1
1,1,1
1,1,1
1,1,0
1,1,1
1,1,1
1,1,1
1,1,1
1,1,0
1,1,1
1,1,1
1,1,1
1,1,1
1,1,1
1,1,1
1,1,1
1,1,0
1,1,1
0,0,0
1,1,0
1,0,0
1,1,1
1,1,0
1,1,1
1,1,1
1,1,0
0,0,0
1,1,0
1,1,1
1,1,0
1,1,1
0,0,0
1,1,0
1,1,0
1,1,1
1,1,1
1,1,1
1,1,1
1,1,1
1,1,0
1,1,1
1,1,1
1,1,1
1,1,0
1,1,1
0,0,0
1,1,1
1,1,1
1,1,1
1,1,0
1,1,0
1,1,1
1,1,1
1,1,0
1,1,1
1,1,1
1,1,1
1,1,0
1,1,0
1,1,0
0,0,0
0,0,0
1,1,1
1,1,1
1,1,1
1,1,1
0,0,0
1,1,1
1,1,1
1,1,1
1,1,1
1,0,0
1,1,1
1,1,1
1,1,1
1,1,1
1,1,1
1,1,0
1,0,0
1,1,0
1,1,1
1,1,0
1,1,1
1,1,1
1,1,0
1,1,1
1,0,0
1,1,1
1,1,1
1,1,1
1,1,1
1,1,0
1,1,1
0,0,0
1,1,1
0,0,0
1,1,0
1,1,1
1,1,0
1,1,0
1,1,1
1,0,0
1,1,0
1,1,1
1,1,0
1,1,1
1,1,1
1,1,0
1,1,0
1,1,1
1,1,0
1,1,1
1,1,1
1,1,0
1,1,1
1,1,1
0,0,0
1,1,0
1,1,0
0,0,0
1,1,1
1,1,1
1,1,1
1,1,1
1,1,0
1,1,0
1,1,0
1,1,0
1,1,1
1,1,1
1,1,1
1,1,0
1,1,0
1,1,1
1,1,0
1,1,1
1,1,1
1,1,1
0,0,0
1,0,0
1,1,1
0,0,0
1,1,1
1,1,1
1,0,0
0,0,0
0,0,0
1,1,1
1,1,1
1,1,1
1,0,0
0,0,0
1,1,1
1,1,0
1,1,1
1,1,1
1,1,1
0,0,0
1,1,0
1,1,1
1,1,1
1,1,1
1,1,1
0,0,0
1,1,1
1,1,0
0,0,0
1,1,1
1,1,1
1,1,1
1,1,1
1,0,0
1,1,1
1,1,0
1,1,1
1,1,1
1,0,0
1,1,1
1,1,1
1,1,0
1,1,1
1,1,0
0,0,0
1,1,1
1,1,0
1,1,1
1,1,1
1,1,1
1,1,1
1,1,0
1,1,0
1,1,1
1,1,1
1,1,0
1,1,1
1,1,1
1,1,1
1,1,1
1,1,0
1,1,1
1,1,0
0,0,0
1,1,1
1,1,1
0,0,0
1,1,1
1,1,0
1,1,1
1,1,1
1,1,1
1,1,0
1,0,0
0,0,0
1,1,0
1,1,1
1,1,1
1,1,1
1,1,1
0,0,0
1,1,1
1,1,0
0,0,0
1,0,0
1,1,0
1,1,0
1,1,1
1,0,0
1,0,0
1,1,0
0,0,0
1,1,1
1,1,1
1,1,1
1,1,0
0,0,0
1,1,1
1,1,0
1,1,1
0,0,0
1,1,1
0,0,0
0,0,0
1,1,0
1,1,1
1,1,0
0,0,0
1,1,1
1,1,1
1,1,1
1,1,1
1,1,1
1,1,1
1,1,1
1,1,1
1,1,1
1,1,1
0,0,0
1,1,1
1,1,1
1,1,1
1,1,1
1,1,1
0,0,0
1,0,0
1,1,1
1,1,1
1,1,0
1,1,1
1,1,0
1,1,1
1,1,1
1,1,1
1,1,1
0,0,0
1,1,1
1,1,1
1,1,1
1,1,1
1,1,1
1,1,1
1,1,1
1,1,0
1,1,1
1,1,1
1,1,1
1,1,1
1,1,1
1,1,1
1,1,1
1,1,0
1,1,1
1,1,1
1,1,1
1,0,0
1,0,0
1,1,0
1,1,0
1,0,0
1,1,1
1,1,1
1,1,1
1,1,0
1,1,1
1,1,0
1,1,1
1,1,1
0,0,0
1,1,1
1,1,1
1,0,0
1,1,1
0,0,0
1,1,0
1,1,0
1,1,1
1,1,1
1,1,1
1,1,0
1,1,1
1,1,0
1,1,0
1,1,1
1,1,1
1,1,0
1,1,1
1,1,1
1,1,1
0,0,0
1,1,1
1,1,1
0,0,0
1,1,1
1,1,1
1,1,1
1,1,1
1,1,1
1,1,1
1,1,1
0,0,0
0,0,0
1,1,1
1,1,0
1,1,0
1,1,1
1,1,1
1,1,0
0,0,0
1,1,1
1,1,1
1,1,0
1,0,0
1,1,1
1,1,1
1,1,0
0,0,0
1,1,1
1,0,0
1,1,1
1,1,0
1,1,0
1,1,1
1,1,1
1,1,1
1,1,0
1,0,0
1,1,1
1,1,1
1,1,0
1,1,0
1,1,1
1,1,0
1,1,0
0,0,0
1,1,0
1,1,0
1,0,0
1,1,1
1,1,1
1,1,1
0,0,0
1,1,1
1,1,1
0,0,0
1,1,1
1,1,1
1,1,1
1,0,0
1,1,1
1,1,1
1,1,0
1,1,0
0,0,0
1,1,1
1,1,0
1,1,1
1,1,1
1,1,1
1,1,1
1,1,1
1,1,0
1,1,1
1,1,1
1,1,0
1,1,0
1,0,0
1,1,0
1,1,0
1,1,1
1,1,1
1,1,1
1,1,1
1,1,1
1,1,0
1,1,1
1,1,1
1,1,1
1,1,1
1,1,1
0,0,0
1,1,1
1,0,0
1,0,0
1,0,0
1,1,1
1,1,1
1,0,0
1,1,1
1,1,0
1,1,1
1,1,1
1,1,0
1,1,1
1,1,0
1,0,0
1,1,1
1,1,1
1,1,1
1,1,1
1,1,1
1,1,0
1,1,1
1,1,1
1,1,1
0,0,0
1,1,1
1,1,1
1,1,0
1,1,1
1,1,0
1,1,1
1,1,1
1,1,1
1,1,0
1,1,1
1,1,1
1,1,1
1,1,0
1,1,1
1,1,1
1,1,0
1,1,1
1,1,1
1,1,1
1,1,1
1,1,1
1,1,0
1,1,0
1,1,1
1,1,1
1,1,1
1,1,1
1,1,1
1,1,1
1,1,1
1,1,1
1,1,1
1,1,1
1,1,0
1,1,1
1,1,1
1,1,1
1,1,0
1,1,0
1,1,1
1,1,1
1,1,1
1,1,0
1,1,1
0,0,0
1,1,1
1,1,1
1,1,1
1,1,1
1,1,1
1,1,1
1,1,1
1,0,0
1,1,1
1,1,1
1,1,0
1,1,1
1,1,1
1,1,0
1,1,1
0,0,0
1,1,1
1,1,0
1,1,1
1,1,1
1,1,0
1,1,1
1,1,1
1,1,1
1,1,0
0,0,0
1,1,1
0,0,0
1,1,1
1,1,0
1,1,0
1,1,1
1,1,1
1,1,1
1,1,0
1,1,1
1,1,0
1,1,1
1,1,1
1,0,0
1,1,1
0,0,0
1,0,0
1,1,1
0,0,0
1,1,0
1,1,1
1,0,0
0,0,0
1,1,1
1,1,0
1,1,1
1,1,1
1,1,0
1,1,1
1,1,1
1,1,1
1,1,1
1,1,1
1,1,1
1,1,1
1,1,1
1,1,1
1,1,1
1,1,0
1,1,1
1,1,0
1,1,0
1,1,0
1,1,0
1,1,1
1,1,1
1,1,1
0,0,0
1,1,0
1,1,1
1,1,0
0,0,0
1,1,1
1,1,1
1,1,1
1,1,1
1,1,1
1,1,1
1,1,0
1,1,1
1,1,1
1,1,0
1,1,1
1,1,1
1,1,1
1,1,1
1,0,0
1,0,0
1,1,1
0,0,0
1,1,0
1,1,1
1,0,0
1,1,0
1,1,0
1,1,1
1,1,0
1,1,1
1,1,1
1,1,1
1,1,1
1,1,1
1,0,0
1,1,1
1,1,1
1,1,1
1,1,0
1,1,1
1,1,1
1,1,1
1,1,1
1,1,1
0,0,0
1,1,0
1,1,0
1,1,1
1,1,0
1,1,1
1,1,1
1,0,0
1,1,1
1,1,1
1,1,1
1,1,1
1,1,1
1,1,1
1,1,1
1,1,0
0,0,0
1,1,1
1,1,0
1,1,1
1,1,1
0,0,0
1,1,1
0,0,0
1,1,1
1,1,1
1,1,1
1,1,0
1,1,0
1,1,0
1,1,1
0,0,0
1,1,0
1,1,1
1,1,1
1,1,1
1,1,0
0,0,0
0,0,0
1,1,1
1,1,1
1,1,0
1,1,1
1,1,1
0,0,0
1,1,1
1,1,0
1,1,1
1,1,1
1,1,0
1,1,1
0,0,0
1,1,1
1,1,1
1,1,1
1,1,1
1,1,1
1,1,1
1,1,1
1,1,1
1,1,1
1,1,1
1,1,0
1,0,0
1,0,0
1,1,0
1,1,0
1,1,1
1,1,1
1,1,1
1,0,0
1,0,0
1,1,1
1,1,1
1,1,1
1,1,0
1,1,0
1,1,1
1,1,0
1,1,0
1,1,1
0,0,0
1,1,0
1,1,1
1,1,1
1,1,1
1,1,1
1,1,1
1,1,1
1,1,1
1,1,0
1,1,1
1,1,1
1,0,0
1,1,1
0,0,0
1,1,1
1,1,1
1,1,1
1,1,0
1,1,0
1,1,1
1,1,1
1,0,0
1,1,1
1,1,0
1,1,1
1,1,0
1,1,0
1,0,0
1,1,1
1,1,0
1,1,1
1,1,0
1,0,0
1,1,1
1,1,1
1,1,1
0,0,0
1,1,1
1,1,1
1,1,1
1,1,1
1,1,0
1,1,1
1,1,1
1,1,1
1,1,1
1,1,0
1,1,1
1,1,0
1,1,1
1,1,1
1,1,1
1,0,0
1,1,1
1,1,1
1,1,1
0,0,0
1,0,0
1,1,1
1,1,1
1,1,0
1,1,1
1,1,1
1,1,1
1,1,1
0,0,0
1,1,1
1,1,1
1,0,0
1,1,1
1,1,1
1,1,1
1,1,1
0,0,0
1,0,0
1,1,0
1,1,1
1,1,1
1,1,1
1,1,1
1,1,1
1,1,1
1,1,1
1,1,1
1,0,0
1,1,0
1,1,1
1,1,1
1,1,0
1,1,1
0,0,0
1,1,0
1,1,1
1,0,0
1,1,1
1,1,1
0,0,0
1,1,1
1,1,1
1,1,1
1,1,1
1,1,1
1,1,1
1,1,1
1,1,1
1,1,1
1,1,0
0,0,0
1,1,1
1,1,1
1,1,1
1,1,1
1,1,1
1,1,1
1,1,1
1,1,1
1,1,0
1,1,1
1,1,1
1,1,1
1,1,1
0,0,0
1,1,1
1,1,1
1,1,1
1,1,1
1,1,1
1,1,1
1,1,0
1,1,1
1,1,1
1,1,1
0,0,0
1,1,0
1,1,1
1,1,1
1,1,0
0,0,0
0,0,0
1,1,1
1,1,1
1,1,1
1,1,1
1,1,1
1,1,0
0,0,0
1,1,1
1,1,0
1,1,1
1,1,0
1,1,1
0,0,0
1,1,0
1,1,0
1,1,1
1,1,1
1,1,1
1,1,1
1,1,0
1,1,1
1,1,1
1,1,0
1,1,0
0,0,0
1,1,1
0,0,0
1,1,1
0,0,0
1,1,0
1,1,1
1,1,0
1,1,1
1,1,1
0,0,0
1,1,1
1,1,1
1,1,1
1,1,0
1,1,1
1,1,1
1,1,0
1,1,0
1,1,0
1,1,1
1,1,0
1,1,0
1,1,1
1,1,0
1,1,1
1,1,0
0,0,0
1,1,1
0,0,0
1,0,0
1,1,1
1,1,1
1,1,1
1,1,1
1,1,1
1,1,1
1,1,1
1,0,0
1,1,1
1,1,1
0,0,0
1,1,0
1,1,1
1,1,1
1,1,1
1,1,0
1,1,0
1,1,1
1,1,1
1,1,1
1,1,0
1,1,0
1,1,1
1,1,1
1,1,1
1,1,1
0,0,0
1,1,1
1,1,1
1,1,1
1,1,1
1,1,1
1,1,1
1,1,1
1,1,1
1,1,1
1,1,0
1,1,1
1,1,1
1,1,0
1,1,0
1,1,1
1,1,1
1,1,1
1,1,1
1,1,1
1,1,1
0,0,0
1,1,0
1,1,0
1,1,1
0,0,0
1,1,1
1,1,0
1,1,1
1,1,1
1,1,1
1,1,1
1,1,1
1,1,1
1,1,1
1,1,1
1,1,1
1,1,0
1,1,0
1,1,0
1,1,0
1,1,1
1,1,0
1,1,1
1,1,1
1,1,0
1,1,1
1,1,1
1,1,1
1,1,1
1,1,1
1,1,1
1,1,1
1,0,0
1,1,0
1,1,0
1,1,1
1,0,0
1,1,1
1,1,1
0,0,0
1,1,1
1,1,1
1,1,1
1,1,1
1,1,1
1,1,0
0,0,0
1,1,0
1,1,1
1,1,1
0,0,0
1,1,1
1,0,0
1,1,1
1,1,1
1,1,1
1,1,1
1,1,1
1,1,0
1,1,1
1,1,0
1,1,1
1,1,1
1,1,1
1,1,1
1,1,1
1,1,1
1,1,0
1,1,0
1,1,1
1,1,0
1,1,1
0,0,0
1,0,0
1,1,1
1,1,0
1,0,0
1,1,1
1,1,1
1,1,1
1,1,1
1,1,0
1,1,0
0,0,0
1,1,1
1,1,1
1,1,1
1,1,0
0,0,0
1,1,1
1,1,1
1,1,1
1,1,0
0,0,0
1,1,1
1,1,0
1,1,0
1,1,1
1,1,0
1,1,0
1,1,1
1,1,0
1,1,0
1,1,1
1,1,1
1,1,0
1,1,1
1,1,0
1,1,1
1,1,1
1,1,0
1,1,0
1,1,0
1,0,0
1,1,0
1,1,1
0,0,0
1,1,0
1,1,0
1,1,1
1,1,1
1,1,1
0,0,0
1,1,1
1,1,1
1,1,1
1,1,0
1,1,0
1,1,1
1,0,0
1,1,0
1,0,0
1,1,1
0,0,0
1,1,1
1,1,1
1,1,1
1,1,1
1,1,0
1,1,1
1,1,1
1,1,1
1,1,1
1,1,1
1,1,1
1,1,1
1,1,0
1,1,0
1,1,1
1,1,1
1,1,1
1,1,1
0,0,0
1,1,1
1,1,1
1,0,0
1,1,0
0,0,0
1,1,0
1,1,1
1,1,1
1,1,1
1,1,1
1,0,0
1,1,1
1,1,1
1,1,1
1,1,0
0,0,0
1,1,0
1,1,1
1,1,1
1,1,0
1,1,1
1,1,1
1,0,0
1,1,1
1,1,1
1,1,0
1,1,0
1,1,0
1,1,0
1,1,1
1,1,1
0,0,0
1,1,1
1,1,1
1,0,0
1,1,0
1,1,0
1,1,0
1,1,1
1,1,1
1,1,1
1,1,1
1,1,1
1,0,0
1,1,0
1,1,1
0,0,0
1,1,1
1,1,1
1,1,1
1,1,1
1,1,1
1,1,0
1,0,0
1,1,1
1,1,0
1,1,1
1,1,1
1,1,1
1,1,1
1,1,1
1,1,0
1,1,0
1,1,1
1,1,1
1,1,1
1,1,0
1,1,1
1,1,1
0,0,0
1,1,0
1,1,1
1,1,0
1,1,1
1,1,1
1,0,0
1,1,1
1,1,1
1,1,0
1,1,1
1,1,1
1,1,0
1,1,1
1,1,1
1,1,1
1,1,1
1,1,1
1,1,1
1,0,0
1,1,1
1,1,0
1,1,1
0,0,0
0,0,0
1,1,1
0,0,0
1,1,1
1,1,1
1,1,0
1,1,0
1,1,1
1,0,0
1,1,1
1,1,1
1,1,1
1,1,1
1,1,0
1,1,1
1,1,1
1,1,1
1,1,1
1,0,0
1,1,1
1,1,1
1,1,1
1,1,1
1,1,1
1,1,1
1,1,0
1,1,1
1,1,1
1,1,0
1,1,1
1,1,1
1,1,1
0,0,0
0,0,0
1,1,1
1,1,1
1,1,1
1,0,0
1,1,1
1,1,1
1,0,0
1,1,1
1,1,1
1,1,1
1,1,1
1,1,0
1,1,1
1,1,1
1,1,1
1,1,0
1,1,1
1,1,0
1,1,1
0,0,0
1,1,1
1,1,0
1,1,1
1,1,1
1,1,0
1,1,0
1,1,1
1,1,1
1,0,0
1,1,0
1,1,1
0,0,0
1,1,1
1,1,0
1,1,0
1,1,1
1,1,1
1,0,0
1,1,1
1,1,1
1,1,1
1,1,1
0,0,0
1,1,1
1,1,0
1,0,0
0,0,0
1,1,1
1,0,0
1,1,1
1,1,1
1,1,0
1,1,1
1,1,0
1,1,0
1,1,1
1,1,0
1,1,0
1,1,1
1,1,0
1,1,0
1,1,1
1,1,1
1,1,1
