"FLT3-ITD","NRAS_p.G13R","NRAS_p.G12D"
0,0,0
0,0,0
0,0,0
0,0,0
1,0,0
0,0,1
0,0,0
0,0,0
0,0,0
0,0,0
0,1,0
0,0,0
0,0,0
0,0,0
1,0,0
0,0,0
0,0,0
0,1,0
0,0,1
0,0,0
0,0,0
0,0,0
0,0,0
0,0,0
0,1,0
0,0,0
1,0,0
1,0,0
1,0,0
0,0,0
0,0,1
0,0,0
0,1,0
0,0,0
0,0,1
0,0,0
0,0,0
0,0,0
0,0,0
0,0,0
0,0,0
0,0,0
0,0,0
0,0,1
0,0,0
0,0,0
0,0,0
0,0,0
0,0,0
0,0,1
0,1,0
0,0,0
1,0,0
0,0,1
0,0,0
0,1,0
1,0,0
0,0,0
0,0,0
0,0,0
0,0,0
0,0,0
0,0,0
0,0,0
0,0,0
0,0,1
0,0,1
0,0,0
0,0,0
1,0,0
0,0,0
0,0,1
0,0,0
0,0,1
0,0,0
0,0,0
0,0,0
0,0,1
0,0,0
0,0,0
0,1,0
0,1,0
0,1,0
0,0,0
0,0,0
0,0,0
0,0,0
0,0,1
0,1,0
0,0,0
1,0,0
0,0,0
0,0,0
0,0,0
0,0,1
0,0,0
0,0,0
0,0,0
0,0,0
0,0,0
0,0,0
1,0,0
0,0,0
0,1,0
0,0,0
0,0,1
0,0,0
0,0,0
1,0,0
0,0,1
0,0,1
1,0,0
0,0,1
0,0,0
0,0,0
0,0,1
0,0,0
0,0,1
0,0,0
0,0,1
0,0,0
0,0,1
0,0,0
1,0,0
0,0,1
0,0,0
0,0,0
0,0,0
0,0,0
0,0,0
0,1,0
0,0,0
0,0,1
1,0,0
0,0,1
0,0,0
0,0,0
0,0,0
0,0,0
0,0,0
0,0,0
0,0,0
1,0,0
0,1,0
0,0,0
0,0,0
1,0,0
0,0,0
0,0,0
1,0,0
1,0,0
1,0,0
0,0,1
0,0,0
0,0,1
0,0,0
0,0,0
0,0,0
0,0,0
0,0,0
0,0,0
0,0,1
0,0,0
0,1,0
0,0,0
0,0,0
0,0,1
0,0,0
0,0,0
0,0,1
0,0,0
0,0,0
0,0,0
0,0,0
1,0,0
0,0,0
0,0,0
0,0,1
0,0,0
1,0,0
0,0,0
0,0,0
1,0,0
0,0,0
0,1,0
0,0,0
0,0,0
0,0,0
0,0,0
0,0,0
0,0,0
0,0,1
1,0,0
0,0,0
0,0,0
0,1,0
1,0,0
0,0,0
1,0,0
0,0,1
0,0,0
0,0,0
0,0,0
0,0,0
0,1,0
0,1,0
0,1,0
0,0,0
0,0,0
0,0,0
0,0,0
0,0,0
0,0,0
0,0,0
0,0,0
0,0,0
0,0,0
0,0,0
0,0,0
0,0,0
0,0,0
0,1,0
0,0,0
1,0,0
0,0,0
0,0,1
0,0,1
0,0,0
0,0,0
1,0,0
0,0,0
0,0,0
0,0,0
0,1,0
0,1,0
0,0,0
0,0,0
0,0,0
0,1,0
0,0,0
0,1,0
0,0,0
0,0,0
0,0,0
0,0,0
0,0,1
0,0,0
0,0,0
0,0,0
0,0,1
0,0,1
0,0,0
0,0,0
0,0,0
0,0,0
0,0,0
0,0,0
0,0,1
0,0,0
1,0,0
0,0,0
0,0,0
0,0,1
0,0,0
0,1,0
1,0,0
0,0,0
0,0,0
0,0,1
0,0,0
0,0,0
0,0,0
0,0,1
0,0,0
0,1,0
0,0,0
0,0,0
0,0,0
0,0,0
0,0,0
0,0,0
0,0,0
0,0,0
0,0,0
0,0,1
0,0,0
0,0,0
0,0,0
0,0,0
0,0,0
0,0,0
0,0,1
0,0,0
0,0,0
0,0,1
0,0,0
0,0,0
1,0,0
1,0,0
0,0,1
1,0,0
0,0,0
1,0,0
0,0,0
0,0,0
0,0,0
0,0,0
0,0,0
0,1,0
0,0,0
0,0,1
0,0,0
1,0,0
0,0,0
0,0,1
0,0,0
0,0,0
0,0,0
0,0,1
0,0,1
1,0,0
0,0,0
0,0,1
0,0,1
0,0,0
1,0,0
0,0,0
0,0,0
0,0,0
0,0,0
0,0,0
0,0,1
0,0,1
1,0,0
0,1,0
0,0,0
0,0,1
0,0,0
0,0,0
0,0,0
0,0,0
0,0,0
0,0,0
0,0,1
0,0,0
0,0,0
0,0,0
0,0,1
0,1,0
0,0,1
0,0,0
0,0,0
0,0,1
0,0,0
0,0,0
0,0,0
0,0,0
0,0,0
0,0,0
0,0,0
0,0,0
0,0,1
1,0,0
0,0,0
0,0,0
0,0,0
0,1,0
0,0,0
0,0,0
0,0,0
0,0,0
0,0,0
0,0,0
0,0,0
0,1,0
0,0,0
0,0,1
0,0,0
0,0,0
0,0,0
0,0,1
0,0,0
0,0,1
0,0,0
0,0,0
0,0,0
0,1,0
0,0,0
0,0,0
0,0,0
0,0,0
0,0,0
0,0,0
0,0,1
0,0,1
0,0,0
0,0,0
0,0,0
0,0,0
0,0,1
0,0,0
0,0,1
0,0,1
0,0,0
0,1,0
0,0,0
0,0,0
0,0,1
0,0,0
0,0,1
0,0,0
0,0,1
0,0,0
0,1,0
0,0,1
0,0,0
0,0,1
0,0,0
0,0,0
0,0,1
0,0,0
0,0,0
0,1,0
0,0,0
0,0,1
0,0,1
0,0,0
0,0,0
0,0,0
0,0,0
0,0,0
0,0,0
0,0,0
0,0,1
0,0,0
0,0,0
1,0,0
0,0,1
0,0,0
1,0,0
0,0,0
0,1,0
0,0,0
0,0,0
0,0,0
0,0,0
0,0,0
0,0,1
0,0,0
0,0,0
0,0,1
0,0,0
0,0,0
0,1,0
0,0,1
0,0,1
0,0,0
0,0,0
0,1,0
0,0,0
0,0,0
0,0,0
0,0,0
0,0,0
0,0,0
0,0,0
0,0,0
0,0,0
0,0,0
1,0,0
0,0,0
0,0,0
0,0,0
1,0,0
0,1,0
1,0,0
0,0,0
0,0,1
0,0,0
0,1,0
0,0,0
0,1,0
0,0,0
0,0,0
0,0,0
0,0,0
0,0,0
0,0,0
0,0,0
0,0,0
0,0,0
0,0,0
0,0,1
0,0,0
0,0,0
0,0,0
0,0,0
0,0,0
0,1,0
0,0,1
0,0,0
0,0,0
0,0,1
0,0,0
0,0,1
0,0,0
0,0,0
0,1,0
0,0,0
0,0,1
0,0,0
0,0,0
1,0,0
0,0,0
0,0,0
0,0,0
0,1,0
1,0,0
0,0,0
0,0,0
1,0,0
0,0,1
0,0,0
0,0,0
0,0,0
0,0,0
0,0,0
0,0,0
0,0,0
0,0,1
1,0,0
0,0,1
1,0,0
1,0,0
0,0,0
0,0,0
0,0,1
0,0,0
1,0,0
0,0,1
0,0,1
0,0,0
1,0,0
1,0,0
0,0,1
1,0,0
0,0,1
0,0,0
0,0,1
0,1,0
0,0,1
0,0,0
0,0,0
0,0,0
0,0,0
0,0,0
0,0,0
0,0,0
0,0,1
0,0,0
0,0,0
0,0,0
0,1,0
0,0,0
0,0,1
0,0,0
0,0,1
0,0,0
0,0,0
0,0,1
0,0,1
0,0,1
0,0,0
0,0,0
0,0,0
0,0,0
0,0,1
0,0,1
0,0,0
0,0,0
0,1,0
0,1,0
0,0,1
0,1,0
0,0,1
0,1,0
0,0,0
0,0,0
0,0,0
0,0,0
0,0,0
1,0,0
0,0,0
0,0,1
0,0,1
1,0,0
0,0,0
0,0,1
0,0,0
0,0,0
0,0,0
0,0,0
0,0,0
0,0,0
1,0,0
0,0,0
0,0,1
0,0,0
0,0,0
1,0,0
0,1,0
0,0,0
1,0,0
0,0,0
0,0,1
0,0,0
0,0,0
1,0,0
0,0,0
0,0,0
0,0,0
0,0,0
0,0,0
0,0,0
1,0,0
0,0,0
0,0,0
0,0,0
0,0,0
0,0,0
0,0,0
0,0,0
0,0,1
0,0,0
0,0,0
0,0,1
0,0,0
0,0,0
1,0,0
0,0,0
0,1,0
0,0,0
0,0,0
0,1,0
0,0,0
1,0,0
0,0,0
0,0,0
0,0,0
0,0,1
0,0,0
0,1,0
0,0,0
0,0,0
0,0,1
0,0,1
0,0,0
0,0,1
0,0,0
0,0,0
0,0,0
0,0,0
1,0,0
1,0,0
0,0,1
0,0,0
1,0,0
0,0,1
0,0,0
0,0,0
0,1,0
0,0,0
0,1,0
0,0,0
0,0,0
0,0,0
0,0,1
0,0,0
0,0,0
0,0,0
0,1,0
0,0,0
0,0,1
0,1,0
0,0,1
0,0,0
0,0,0
0,0,0
0,0,0
0,0,0
0,0,1
0,0,0
0,1,0
0,0,0
0,0,0
0,0,0
0,0,0
0,0,0
0,0,0
0,0,0
0,0,1
0,0,0
0,0,0
0,0,0
0,0,0
0,0,0
0,0,0
1,0,0
1,0,0
0,0,0
0,0,0
1,0,0
0,0,1
0,0,0
0,0,0
1,0,0
0,0,0
0,0,0
0,0,1
0,0,0
1,0,0
0,0,1
0,0,0
0,0,1
0,0,1
0,1,0
1,0,0
0,0,1
0,0,0
1,0,0
1,0,0
1,0,0
0,0,0
0,0,0
0,0,0
0,0,0
0,0,1
0,0,0
0,0,0
0,0,1
0,0,1
0,0,0
0,0,0
0,0,0
0,0,0
1,0,0
0,0,0
0,0,0
0,0,0
0,0,0
0,0,0
0,0,0
0,0,0
0,0,0
1,0,0
0,0,0
0,0,0
0,0,0
0,0,0
0,0,0
0,0,0
0,0,0
0,0,0
0,0,0
0,0,0
0,0,0
0,0,0
0,0,0
0,0,0
0,0,1
0,1,0
0,0,0
0,0,0
1,0,0
0,0,0
0,0,0
0,1,0
0,0,0
0,0,1
0,1,0
0,0,0
0,0,0
0,0,0
0,0,0
0,0,0
0,0,0
0,0,1
0,0,1
0,0,0
0,0,0
0,0,0
0,0,0
0,0,0
0,0,0
0,0,0
0,0,0
0,0,1
0,0,0
0,0,0
0,0,0
0,0,1
0,0,0
0,0,0
0,0,0
0,0,0
0,0,0
0,0,0
0,0,0
0,0,1
0,1,0
0,0,0
0,0,1
1,0,0
0,0,0
0,0,0
0,0,0
0,0,0
0,0,0
0,0,0
0,0,0
0,0,0
0,0,0
1,0,0
0,0,0
0,0,0
0,0,1
0,0,0
0,0,0
1,0,0
0,0,1
0,0,0
0,0,0
0,0,0
0,0,0
0,0,0
1,0,0
0,0,0
0,0,0
0,0,0
0,0,1
0,0,0
0,0,0
0,0,0
0,0,1
0,0,0
0,0,0
0,0,0
0,0,0
0,0,0
0,1,0
0,0,0
0,0,1
0,0,0
0,0,0
0,0,0
0,0,0
0,0,1
0,0,1
0,0,0
0,0,0
0,0,0
0,0,0
0,0,0
0,0,1
0,0,0
0,0,0
0,1,0
0,0,0
0,0,0
0,0,0
0,0,0
0,0,0
0,0,0
0,0,0
0,0,0
1,0,0
0,0,0
0,0,0
1,0,0
0,1,0
0,0,0
0,0,0
0,0,1
0,0,0
0,1,0
0,0,0
0,0,1
0,0,0
0,0,1
1,0,0
1,0,0
0,0,0
0,1,0
0,0,1
0,0,0
0,0,0
0,0,0
1,0,0
0,1,0
0,1,0
0,0,0
0,0,0
0,0,0
1,0,0
0,0,0
0,1,0
0,1,0
0,0,0
0,0,1
0,0,0
0,0,1
0,0,0
0,0,0
1,0,0
0,0,0
1,0,0
0,0,0
0,0,0
0,0,0
0,0,0
0,0,0
0,0,0
1,0,0
0,0,0
0,0,0
0,1,0
0,0,0
0,0,0
0,0,0
0,0,0
0,0,1
0,0,0
1,0,0
0,0,0
0,0,0
0,0,0
0,0,0
0,0,0
0,0,1
0,1,0
1,0,0
0,0,0
1,0,0
0,1,0
0,0,1
0,0,0
0,0,1
0,0,1
1,0,0
0,0,0
1,0,0
0,0,0
0,0,0
0,0,1
0,0,0
0,0,0
1,0,0
0,1,0
0,0,1
0,0,0
0,1,0
0,0,1
0,0,0
0,0,0
0,0,0
0,0,0
0,1,0
1,0,0
1,0,0
0,0,0
0,0,0
0,0,0
0,1,0
0,0,1
0,0,1
0,0,1
0,0,0
0,0,1
0,0,0
0,0,1
0,0,0
0,0,0
0,0,0
0,0,1
0,0,1
0,0,0
0,0,1
0,1,0
0,1,0
0,0,0
0,0,0
0,0,0
0,0,0
0,0,0
0,0,0
0,0,0
0,0,0
0,0,1
0,0,0
0,1,0
0,0,0
0,0,0
0,1,0
0,0,0
0,0,1
0,0,0
0,0,1
0,0,0
0,0,1
0,1,0
0,0,0
0,0,0
0,0,0
0,0,0
0,1,0
0,0,0
0,0,0
0,0,1
0,0,0
0,0,0
0,0,0
0,0,0
0,0,0
0,0,0
0,0,1
1,0,0
0,0,0
0,0,0
0,0,0
0,0,0
0,0,0
0,0,0
0,1,0
0,0,0
1,0,0
1,0,0
0,0,1
1,0,0
0,0,0
0,0,1
0,0,0
0,0,1
0,0,0
0,0,0
0,0,0
0,1,0
0,0,0
0,0,0
0,0,0
0,0,1
0,0,0
0,0,0
0,0,0
0,0,0
0,0,0
0,0,0
0,0,0
1,0,0
0,0,0
0,0,0
0,0,1
0,0,0
0,0,0
0,1,0
0,0,0
0,0,0
0,0,0
0,0,1
0,0,1
0,0,0
0,0,0
0,0,0
0,0,0
0,1,0
0,0,0
0,0,0
0,0,0
0,0,1
1,0,0
0,0,1
0,1,0
0,0,0
0,0,0
0,0,0
0,1,0
0,0,0
1,0,0
0,0,0
1,0,0
0,0,0
0,0,0
0,0,0
0,0,0
0,1,0
0,0,0
0,0,0
0,0,0
0,0,0
0,1,0
0,0,0
0,0,0
0,0,0
0,0,0
0,0,0
0,0,0
0,0,0
0,0,0
0,0,0
0,0,0
0,0,0
0,0,1
0,0,0
0,0,0
0,0,0
1,0,0
0,0,1
0,0,0
1,0,0
1,0,0
0,0,0
0,0,0
0,1,0
0,1,0
0,0,0
0,0,0
0,0,1
1,0,0
0,0,1
0,0,0
0,0,1
0,0,0
0,0,0
1,0,0
0,0,0
0,0,0
0,0,1
0,1,0
0,0,0
0,0,0
0,0,0
0,0,0
0,0,0
0,0,1
1,0,0
0,0,1
0,0,1
0,0,0
0,1,0
0,0,0
0,0,0
0,1,0
1,0,0
0,0,0
0,0,0
0,0,0
0,0,0
0,0,0
0,0,1
0,0,0
0,0,0
0,0,0
0,0,0
0,0,0
1,0,0
0,0,0
0,0,0
0,0,0
0,0,0
0,0,0
0,1,0
0,0,0
0,0,0
0,0,0
0,0,1
0,0,0
0,0,0
0,0,0
0,0,0
0,0,1
0,0,1
0,0,0
0,0,0
0,0,0
0,0,1
0,1,0
0,0,0
0,0,0
0,0,0
1,0,0
0,0,1
0,0,0
0,0,0
0,0,1
0,1,0
0,0,0
0,0,0
0,0,0
0,0,1
0,0,0
0,1,0
0,1,0
0,0,0
0,0,0
1,0,0
0,1,0
0,0,0
0,1,0
0,0,1
0,1,0
0,0,0
0,0,0
0,0,0
0,0,0
0,0,0
0,0,0
0,0,1
0,1,0
0,0,0
0,0,0
0,0,0
0,0,1
0,0,0
0,0,1
0,0,1
0,0,0
0,0,0
0,0,0
0,0,0
0,0,1
0,0,0
0,0,0
0,0,1
0,0,0
0,0,0
0,0,1
1,0,0
0,0,0
0,0,1
0,0,0
0,0,0
0,0,0
0,0,0
0,0,0
0,0,0
0,0,0
1,0,0
0,0,0
0,0,0
0,0,1
0,0,0
0,0,1
0,0,0
0,0,1
0,0,0
0,0,0
0,0,0
0,0,1
0,0,0
1,0,0
0,0,0
0,0,0
0,0,1
0,0,0
0,0,0
0,0,0
0,0,0
0,0,1
0,0,0
0,0,0
0,0,0
0,0,0
0,0,1
0,0,0
0,0,0
0,0,0
0,0,0
0,0,1
0,0,1
0,0,0
0,0,0
0,0,0
1,0,0
0,0,0
0,1,0
1,0,0
0,0,0
0,0,0
0,0,1
0,0,0
0,0,0
0,0,0
0,0,0
0,0,0
0,0,0
0,0,1
1,0,0
0,0,0
0,0,1
0,0,0
1,0,0
0,1,0
0,0,1
1,0,0
0,1,0
0,0,0
0,0,0
0,0,0
0,0,0
1,0,0
0,0,0
0,0,0
0,0,1
0,0,0
0,0,0
0,0,1
0,0,0
0,0,0
0,0,0
0,0,0
0,0,0
0,0,0
0,0,1
0,0,0
1,0,0
0,0,0
0,1,0
0,0,0
0,0,0
0,0,0
0,0,0
0,0,0
0,0,0
0,0,0
0,0,1
0,0,1
0,1,0
0,0,0
0,0,0
1,0,0
0,0,0
0,0,0
0,0,1
1,0,0
0,1,0
0,0,0
0,0,0
0,1,0
0,0,0
0,0,0
0,0,0
0,0,0
0,0,0
0,0,0
0,0,1
0,0,0
0,0,0
0,0,0
0,0,1
0,0,0
0,0,0
0,0,0
0,0,0
0,0,0
0,0,0
0,0,1
0,1,0
0,1,0
0,0,0
0,0,0
0,0,0
1,0,0
0,0,0
0,1,0
0,0,0
1,0,0
0,0,1
0,0,0
1,0,0
0,0,0
0,0,0
0,0,0
0,0,0
0,0,0
0,0,0
0,0,0
0,0,1
0,0,1
0,0,0
0,0,0
0,0,0
0,0,0
0,1,0
0,1,0
0,1,0
0,1,0
0,0,0
1,0,0
1,0,0
0,1,0
0,0,0
0,0,0
0,0,0
0,0,0
0,0,0
0,1,0
0,0,0
0,0,0
0,0,0
0,0,1
0,0,0
1,0,0
0,0,1
0,1,0
0,0,0
1,0,0
0,0,0
0,0,1
0,0,0
0,0,1
0,0,0
0,0,1
0,0,0
1,0,0
0,0,0
0,0,0
0,0,0
1,0,0
1,0,0
0,0,0
0,1,0
0,0,0
0,0,0
0,0,0
0,0,0
0,0,1
0,0,0
0,0,0
0,0,0
0,0,0
0,1,0
0,0,0
0,0,0
0,0,0
0,0,0
1,0,0
0,0,0
0,0,0
0,0,1
0,0,1
0,1,0
0,0,0
0,0,0
0,0,0
0,0,1
0,0,1
1,0,0
0,0,1
0,1,0
1,0,0
0,0,0
0,0,0
0,0,0
0,0,0
0,0,0
0,0,0
1,0,0
0,0,0
0,0,0
0,0,0
0,1,0
0,1,0
0,1,0
0,0,0
0,0,0
0,0,1
0,0,0
0,0,0
0,1,0
0,0,0
0,0,0
0,0,0
0,0,1
0,0,0
0,0,0
0,0,0
0,0,0
0,0,0
0,0,1
0,0,0
0,0,0
0,1,0
0,0,0
0,0,0
0,0,0
0,0,0
0,0,0
0,0,0
0,0,1
0,0,1
0,0,0
0,0,0
0,0,0
0,1,0
0,0,1
0,0,0
0,0,0
0,0,0
0,0,0
1,0,0
0,0,0
0,0,0
0,0,1
0,0,0
0,0,0
0,1,0
0,0,0
0,0,0
0,0,0
0,0,0
0,0,0
0,0,0
0,0,0
1,0,0
0,0,0
0,0,1
0,0,0
0,0,0
1,0,0
0,0,0
1,0,0
0,0,0
0,0,1
0,0,0
1,0,0
0,0,0
0,0,0
0,0,0
1,0,0
0,0,0
0,0,0
0,1,0
0,0,0
0,0,0
0,0,0
0,0,0
1,0,0
0,0,0
0,0,0
0,0,0
0,0,1
0,0,0
0,0,0
0,0,0
0,0,1
0,0,0
0,0,1
0,0,0
0,0,1
0,0,0
0,0,1
0,0,0
0,0,0
0,0,0
0,0,1
0,0,1
0,0,0
0,0,0
0,0,0
0,0,1
0,1,0
0,0,1
0,0,0
0,0,1
0,0,0
0,0,0
0,0,0
0,0,0
0,0,0
0,0,0
0,0,0
1,0,0
1,0,0
0,1,0
0,0,1
0,0,0
0,0,0
0,1,0
0,0,0
0,0,1
1,0,0
0,1,0
0,0,0
0,0,0
0,0,0
0,0,0
0,0,1
0,0,0
0,0,0
0,0,0
0,0,0
1,0,0
0,0,0
0,0,1
0,0,0
0,0,1
0,0,0
0,0,0
0,0,1
0,0,0
0,0,0
0,0,0
0,0,0
0,0,0
0,0,0
0,0,0
0,0,0
1,0,0
0,0,0
0,0,0
0,0,0
0,0,0
0,1,0
0,0,0
0,0,0
0,0,0
0,0,0
0,0,0
1,0,0
0,0,0
0,0,0
0,0,1
0,0,1
0,0,0
0,0,0
0,1,0
0,0,1
0,0,0
1,0,0
0,0,0
0,1,0
0,0,0
0,0,1
0,0,0
0,0,1
0,0,1
0,1,0
0,0,0
1,0,0
1,0,0
0,0,1
0,0,0
0,0,0
0,0,0
0,0,1
0,0,0
0,0,0
0,0,0
0,0,0
0,0,0
0,0,1
0,0,1
0,0,0
0,0,0
0,0,0
1,0,0
0,1,0
0,0,1
0,0,0
0,1,0
0,0,1
0,0,0
1,0,0
0,0,0
0,0,1
0,0,0
0,0,0
0,0,0
0,0,0
0,0,0
1,0,0
0,0,0
0,0,0
0,0,0
0,0,0
0,0,0
1,0,0
0,0,0
1,0,0
1,0,0
0,0,1
0,0,0
0,0,0
0,0,0
0,0,0
0,0,0
0,0,1
0,0,0
0,0,0
1,0,0
0,0,1
0,1,0
0,0,0
0,1,0
0,0,0
0,0,1
0,0,0
1,0,0
0,0,0
0,0,0
0,0,0
0,0,1
0,0,0
0,0,0
0,0,0
1,0,0
0,0,0
0,0,0
0,0,0
0,0,0
0,0,0
1,0,0
0,0,0
0,0,0
0,0,0
0,1,0
0,0,1
0,1,0
0,1,0
0,0,0
0,0,0
0,0,1
0,0,0
0,1,0
0,0,0
0,0,0
0,0,0
0,0,0
0,0,0
0,0,1
0,0,0
0,0,0
0,1,0
0,0,0
0,0,0
0,0,0
1,0,0
0,0,0
1,0,0
0,0,0
0,0,0
0,0,0
0,0,0
0,0,0
0,0,0
0,0,0
0,0,0
0,0,0
0,0,0
0,0,0
0,0,0
0,0,0
0,0,0
0,0,0
0,0,0
1,0,0
0,0,0
0,0,0
0,0,0
0,1,0
1,0,0
0,0,1
0,0,0
0,0,0
1,0,0
0,0,1
0,0,0
0,0,0
0,0,1
0,0,0
0,0,0
0,0,1
0,0,0
0,0,0
0,1,0
0,0,0
0,0,0
0,0,0
0,0,1
0,1,0
0,0,1
1,0,0
1,0,0
0,0,0
0,0,0
1,0,0
0,0,1
0,0,0
0,0,1
0,0,0
0,0,0
1,0,0
0,0,0
0,0,0
0,0,1
0,0,0
0,0,0
0,0,0
0,0,0
0,0,1
0,0,1
0,0,0
0,0,0
0,0,0
0,0,0
0,0,1
0,0,0
0,0,0
0,0,1
1,0,0
1,0,0
0,0,0
0,0,0
0,0,1
0,0,0
0,0,0
0,1,0
0,0,0
0,0,0
0,0,0
0,0,0
0,0,1
0,0,0
0,0,1
0,0,1
0,0,0
0,0,0
0,0,1
1,0,0
0,0,0
0,0,0
0,1,0
0,0,0
0,0,0
1,0,0
0,0,0
0,0,1
0,0,0
0,0,0
0,0,0
0,0,0
0,1,0
0,0,1
0,1,0
0,0,1
0,0,1
0,0,0
0,0,0
0,0,1
0,0,0
0,0,1
0,0,0
0,1,0
0,1,0
0,0,0
0,0,0
0,0,1
0,0,0
0,0,0
0,0,0
0,0,0
0,0,0
0,0,0
0,0,0
0,0,0
1,0,0
0,0,0
0,0,0
0,0,1
0,1,0
0,0,0
0,0,0
0,0,1
0,0,0
0,0,0
1,0,0
0,0,0
0,0,0
0,0,0
1,0,0
0,0,0
0,0,0
0,0,0
0,0,0
0,0,0
0,1,0
0,0,0
0,0,0
0,0,0
0,0,0
0,1,0
0,1,0
0,0,0
0,1,0
0,0,0
0,0,0
0,0,0
0,0,0
0,0,0
0,0,0
0,0,0
0,0,0
1,0,0
0,0,0
0,0,0
0,0,0
0,0,0
0,0,0
0,0,0
0,0,0
0,1,0
0,0,0
0,0,1
0,0,0
0,0,0
0,1,0
0,0,0
0,0,0
0,0,0
0,0,1
0,0,0
0,0,0
0,0,1
0,0,1
0,0,0
1,0,0
0,0,0
0,0,0
0,0,1
0,0,1
0,0,1
0,0,1
0,0,0
0,0,0
0,0,0
1,0,0
0,0,0
1,0,0
0,0,0
0,0,0
0,0,0
0,0,1
0,0,1
0,0,0
0,0,0
0,0,0
0,0,1
0,0,0
0,0,1
0,0,0
0,1,0
0,0,0
0,0,0
0,0,0
0,1,0
0,0,1
1,0,0
0,1,0
0,0,0
0,0,0
0,0,0
0,0,0
0,0,1
0,0,0
0,0,0
0,0,0
0,0,0
0,0,0
0,1,0
1,0,0
0,0,0
0,0,0
0,0,0
0,0,1
0,0,1
0,0,1
0,0,0
0,0,0
0,0,1
0,0,0
0,0,0
0,1,0
0,0,0
0,0,0
0,0,0
0,0,1
0,0,1
0,1,0
0,0,0
0,0,0
0,0,0
0,0,0
0,0,1
0,0,0
0,0,0
0,0,0
0,0,0
0,0,0
0,0,0
0,0,0
0,0,0
1,0,0
0,0,0
0,1,0
0,0,0
1,0,0
0,0,0
0,0,0
0,0,0
0,0,0
0,0,0
0,0,1
1,0,0
0,0,1
0,0,0
0,0,0
0,0,0
0,0,0
0,0,0
0,1,0
0,0,0
0,0,0
0,0,1
0,0,0
0,0,0
0,1,0
1,0,0
0,0,1
0,0,0
0,1,0
1,0,0
0,0,0
0,0,0
0,0,0
0,0,0
0,0,1
0,0,0
0,0,0
0,1,0
0,0,0
0,0,1
0,0,0
0,0,0
0,0,1
0,0,0
0,0,1
0,0,0
0,1,0
1,0,0
0,0,0
1,0,0
0,0,0
0,0,0
0,0,0
0,0,0
0,0,1
1,0,0
0,0,0
0,0,0
1,0,0
0,0,0
0,1,0
0,0,0
0,0,0
0,0,0
0,0,1
1,0,0
0,0,0
0,0,0
0,0,1
0,0,0
1,0,0
0,0,1
0,0,1
0,0,0
0,0,0
0,0,0
1,0,0
1,0,0
0,0,0
0,0,0
0,0,0
0,0,1
0,1,0
0,0,0
1,0,0
0,0,0
0,0,0
0,0,1
0,0,1
0,0,1
0,0,0
0,0,0
0,0,0
0,0,0
0,0,0
0,0,1
1,0,0
0,0,0
0,0,0
0,0,1
0,0,0
0,0,0
0,0,0
0,0,0
0,0,0
0,0,1
0,0,0
0,0,0
0,0,0
0,0,0
0,0,1
0,0,0
0,0,0
0,0,0
0,0,0
0,0,0
0,1,0
0,0,0
1,0,0
0,0,0
0,0,0
0,0,0
0,0,0
0,1,0
1,0,0
1,0,0
0,0,0
0,0,0
0,0,0
0,0,1
0,0,0
0,0,0
0,0,0
0,0,0
0,0,0
0,0,0
0,0,1
0,0,0
0,0,0
0,0,0
0,0,0
0,0,0
0,0,0
0,0,0
0,0,1
0,0,0
0,0,0
0,0,0
0,0,0
0,0,1
0,0,1
0,0,0
0,0,0
0,0,0
0,0,0
0,0,0
0,0,1
0,0,0
0,0,0
0,0,1
1,0,0
0,0,0
0,0,1
0,0,0
0,0,0
0,0,1
0,0,0
1,0,0
1,0,0
0,0,1
0,0,0
0,0,0
0,0,0
0,0,0
0,0,0
0,0,1
0,1,0
1,0,0
0,0,0
0,0,0
0,0,0
0,1,0
1,0,0
0,0,0
0,0,1
0,0,0
0,0,0
0,0,0
0,0,0
0,0,0
0,0,1
0,0,0
0,0,0
0,0,0
1,0,0
0,0,1
0,0,0
0,0,0
0,0,0
0,0,0
0,0,0
0,0,0
0,0,1
0,0,0
0,0,1
0,0,0
0,0,0
1,0,0
1,0,0
0,0,0
0,0,0
0,0,0
0,0,0
0,0,1
0,0,0
0,0,0
0,1,0
0,0,0
0,1,0
0,1,0
0,0,0
0,0,1
0,0,1
0,0,1
0,0,1
0,0,0
0,0,0
1,0,0
0,0,0
0,0,0
0,0,0
1,0,0
0,0,0
0,0,0
0,0,0
0,0,1
0,0,0
0,0,0
0,0,0
1,0,0
0,0,0
0,0,0
0,0,1
1,0,0
0,0,1
0,0,0
0,0,0
0,0,0
0,0,0
0,1,0
0,0,0
0,0,0
0,0,0
0,0,1
0,0,0
0,0,0
0,0,0
0,1,0
0,1,0
0,0,0
0,0,0
0,0,0
0,1,0
1,0,0
0,0,0
0,0,0
0,0,0
0,1,0
0,0,0
0,0,0
0,1,0
0,0,1
0,0,0
0,0,0
0,0,0
0,0,1
0,0,0
0,0,1
0,0,0
0,0,1
0,0,0
0,0,1
0,0,1
0,0,0
0,0,0
0,0,0
0,0,0
0,0,1
0,0,0
0,0,0
0,0,0
0,0,0
0,0,0
0,0,0
0,0,0
0,0,0
0,0,0
0,0,0
0,0,1
0,1,0
0,1,0
0,0,0
0,0,1
0,0,0
0,0,0
0,0,1
0,0,1
0,0,0
0,1,0
0,0,0
1,0,0
0,0,0
1,0,0
0,0,0
0,0,0
0,0,0
0,0,0
1,0,0
0,0,0
0,0,0
0,0,0
0,0,0
1,0,0
0,0,0
0,0,0
0,0,0
0,0,0
0,0,0
1,0,0
0,0,0
0,0,0
0,0,1
0,0,0
0,0,0
1,0,0
0,0,1
0,0,0
1,0,0
0,0,0
0,0,0
0,0,1
0,0,0
0,1,0
1,0,0
0,0,0
0,0,0
0,0,1
0,0,0
0,0,1
0,0,0
0,0,0
0,0,0
0,0,0
0,0,0
0,0,0
0,0,0
0,0,0
0,0,0
1,0,0
0,0,0
1,0,0
0,0,0
0,0,0
0,0,0
0,0,1
0,0,0
0,0,0
1,0,0
0,0,0
0,0,1
0,0,0
0,0,0
0,1,0
0,0,0
0,0,0
0,1,0
0,0,0
0,0,0
0,0,0
0,0,1
0,0,1
0,0,0
0,1,0
0,0,0
0,0,0
0,1,0
1,0,0
0,1,0
1,0,0
0,0,1
0,0,0
0,0,0
0,0,0
0,0,1
0,0,0
1,0,0
0,0,0
0,0,0
0,0,0
0,1,0
0,0,0
0,0,0
0,0,0
0,0,0
0,0,0
0,1,0
0,1,0
0,0,1
0,0,0
0,0,0
0,0,0
0,0,0
0,0,0
0,0,0
1,0,0
0,0,0
0,0,0
0,0,1
0,0,1
0,0,0
0,0,0
0,0,0
0,0,0
0,0,0
0,1,0
0,0,1
0,0,0
1,0,0
0,0,1
0,0,0
0,0,0
0,0,0
0,0,1
0,0,1
1,0,0
0,0,0
0,0,1
0,0,0
0,0,0
0,0,0
0,1,0
0,0,0
0,0,0
0,0,0
1,0,0
0,0,0
0,0,1
0,0,0
0,0,1
0,0,0
0,0,0
0,0,1
0,0,0
0,0,1
0,0,0
0,0,0
0,0,1
0,0,1
0,0,0
1,0,0
0,0,0
0,0,1
0,0,1
0,0,0
1,0,0
0,0,0
0,0,1
0,0,0
0,0,1
1,0,0
0,0,0
0,1,0
0,0,0
0,0,0
0,0,1
0,0,0
0,0,0
0,0,0
0,0,0
0,0,0
0,0,0
0,0,1
0,0,0
0,0,0
0,0,1
0,1,0
0,0,1
0,0,0
0,0,0
0,0,0
0,0,0
0,0,0
0,0,0
0,0,1
0,0,0
0,0,0
1,0,0
0,0,0
1,0,0
1,0,0
0,1,0
0,0,0
0,0,1
0,0,1
0,0,1
0,0,1
0,0,0
0,0,0
0,0,1
0,0,0
0,0,0
0,0,0
0,0,0
1,0,0
0,0,0
0,0,0
1,0,0
0,0,0
1,0,0
0,0,0
0,0,0
0,0,1
0,0,1
0,0,1
0,0,0
0,0,0
1,0,0
0,0,0
0,0,0
0,0,1
0,0,0
0,1,0
0,0,1
0,0,1
0,0,0
0,0,0
0,0,0
0,0,0
0,0,0
0,0,0
0,0,0
0,0,0
0,0,0
0,0,0
1,0,0
0,0,1
0,0,0
0,0,0
0,0,1
0,0,0
0,1,0
0,0,0
0,0,1
0,0,0
0,0,0
0,0,0
0,0,0
0,0,0
0,0,0
0,0,0
0,1,0
0,0,0
0,0,0
1,0,0
0,0,0
0,0,0
0,0,1
0,0,1
0,0,0
0,0,0
0,0,1
1,0,0
0,0,1
0,0,0
0,0,1
0,0,1
0,0,0
0,0,0
0,0,0
1,0,0
0,0,0
0,0,0
0,1,0
0,0,0
0,0,0
0,0,0
0,0,0
0,0,0
0,0,0
0,0,0
0,0,0
1,0,0
0,0,0
0,0,1
0,0,0
0,0,0
0,0,0
0,0,0
0,0,0
0,0,0
0,0,0
0,0,0
0,0,1
1,0,0
0,0,0
0,0,1
0,0,0
0,0,1
1,0,0
0,0,0
1,0,0
0,0,1
0,0,1
0,0,0
0,0,0
0,0,0
0,1,0
0,0,0
0,0,1
0,0,1
0,0,0
0,0,0
0,0,0
0,0,0
0,0,1
0,0,0
0,0,1
0,0,1
0,0,0
0,0,0
0,0,0
1,0,0
0,0,0
1,0,0
0,0,0
0,0,1
1,0,0
0,0,0
0,1,0
0,0,0
0,0,0
0,0,0
0,0,0
0,0,1
0,1,0
0,0,0
0,0,0
0,0,0
0,0,0
0,0,0
0,0,0
0,0,1
0,0,0
1,0,0
0,0,0
0,0,1
0,0,1
0,0,1
0,0,0
0,0,0
0,0,0
0,0,0
0,0,0
0,0,0
0,0,0
0,0,0
0,0,0
0,0,0
0,0,0
0,0,0
0,0,0
0,0,0
0,0,1
0,0,0
0,0,0
0,0,0
0,0,0
0,0,0
0,1,0
0,0,1
0,0,1
0,0,0
0,0,1
0,0,0
0,0,0
0,0,0
1,0,0
0,0,0
0,0,0
0,0,0
0,0,0
0,0,0
1,0,0
1,0,0
0,1,0
0,0,1
0,0,0
0,0,1
0,1,0
0,0,0
0,0,0
0,0,0
0,0,0
0,1,0
0,0,1
0,0,0
0,1,0
0,0,0
0,0,1
0,0,0
0,1,0
0,0,0
0,0,0
0,0,0
0,0,0
0,0,0
0,0,1
0,0,0
0,0,0
0,0,1
0,0,0
0,0,0
0,0,0
0,0,0
0,0,0
0,1,0
0,0,0
0,0,0
0,1,0
0,0,0
0,0,0
0,0,0
0,0,0
0,0,0
0,0,0
1,0,0
0,0,0
0,0,1
0,0,0
0,0,0
0,0,0
0,1,0
1,0,0
0,0,0
0,0,0
0,0,0
0,0,0
0,0,1
0,0,0
0,0,0
0,0,0
0,0,0
0,0,0
0,0,0
0,0,0
0,0,0
0,0,0
0,0,0
0,0,0
0,0,0
0,0,0
0,0,0
0,0,0
1,0,0
0,0,0
0,0,0
0,0,0
1,0,0
0,0,0
0,0,0
0,0,0
1,0,0
0,0,1
0,0,1
0,0,0
0,0,0
1,0,0
0,0,0
1,0,0
0,0,0
0,1,0
0,1,0
0,1,0
0,0,0
0,0,0
1,0,0
1,0,0
0,0,0
1,0,0
0,0,0
0,0,0
0,1,0
0,0,0
1,0,0
0,0,0
0,0,0
1,0,0
0,0,0
0,0,0
0,0,0
0,0,0
0,0,0
0,0,0
0,0,0
1,0,0
1,0,0
1,0,0
0,0,0
0,0,0
0,1,0
0,0,0
0,0,0
0,0,0
0,0,1
0,0,0
0,1,0
1,0,0
0,0,1
0,0,0
0,1,0
0,0,1
0,0,0
0,0,0
0,0,0
0,0,0
0,0,0
0,0,0
0,0,0
0,0,0
0,0,0
0,0,0
0,0,0
0,0,0
0,0,1
0,0,1
0,0,0
0,0,1
0,1,0
0,0,1
0,0,1
1,0,0
0,0,0
0,1,0
0,0,1
0,0,0
0,0,0
0,0,0
0,0,1
0,0,1
0,1,0
0,0,0
0,0,0
0,0,1
0,0,1
0,0,0
1,0,0
0,0,0
0,0,0
1,0,0
0,1,0
0,0,0
0,1,0
0,0,1
0,0,0
0,0,0
0,0,0
0,0,0
0,0,0
0,0,0
0,0,0
1,0,0
0,0,0
0,0,0
0,0,0
1,0,0
0,0,1
0,0,1
0,0,0
0,0,0
0,0,0
0,0,1
0,0,0
0,0,0
1,0,0
0,0,0
0,0,1
1,0,0
0,0,0
0,0,0
1,0,0
1,0,0
1,0,0
0,0,0
0,0,1
0,0,1
0,0,0
0,0,1
0,0,1
0,0,0
0,0,0
0,0,0
0,0,1
1,0,0
0,0,0
0,0,0
0,0,0
0,0,1
0,0,0
0,0,1
0,0,0
0,0,0
0,0,0
0,0,0
0,0,0
0,0,0
0,0,0
0,0,1
0,0,0
0,0,0
0,0,0
0,0,0
0,1,0
0,0,0
1,0,0
0,0,0
0,0,1
0,0,1
0,0,0
0,0,1
0,0,0
0,0,1
0,0,0
0,0,1
0,0,0
0,0,1
0,0,0
0,0,0
0,0,0
0,0,0
0,0,0
0,0,0
1,0,0
0,0,0
0,0,0
0,0,0
0,0,0
1,0,0
0,0,0
0,0,0
0,0,0
0,0,0
0,0,0
0,0,0
0,0,0
0,0,0
0,1,0
0,1,0
0,0,0
1,0,0
1,0,0
0,0,1
0,0,0
0,0,0
0,0,0
0,0,0
0,1,0
0,0,0
0,0,0
0,0,0
0,0,0
0,0,0
0,0,0
0,0,0
0,0,0
0,0,0
0,0,0
0,0,0
0,1,0
0,0,0
0,0,1
0,0,0
0,0,1
0,0,0
0,0,0
0,0,0
0,0,0
0,0,0
0,0,1
0,0,0
0,0,0
0,0,0
0,0,0
0,0,0
0,0,0
0,1,0
0,0,1
1,0,0
0,1,0
0,0,0
0,0,0
1,0,0
0,0,0
1,0,0
0,1,0
0,0,0
0,0,0
0,0,1
0,0,0
0,0,0
0,0,0
0,0,0
0,1,0
0,0,0
0,0,0
0,0,0
0,0,0
0,0,0
0,0,0
0,0,0
0,0,1
0,0,0
0,0,0
1,0,0
0,0,0
0,0,0
0,0,0
0,0,0
0,0,0
0,0,0
0,0,1
0,0,1
0,0,0
0,0,0
0,0,1
0,0,0
0,0,1
0,1,0
0,0,0
0,0,0
0,0,0
0,0,0
0,0,1
0,0,1
0,0,0
0,0,0
0,0,0
0,0,0
0,0,0
0,0,0
0,0,0
0,0,0
0,0,0
0,0,0
0,1,0
0,0,0
1,0,0
0,0,0
0,1,0
0,0,0
0,0,0
0,0,1
0,1,0
0,0,0
0,0,0
0,0,1
0,0,0
0,0,0
0,0,1
0,0,0
0,0,0
0,0,0
0,0,0
0,0,0
0,0,0
0,1,0
0,0,0
1,0,0
0,0,0
1,0,0
0,0,1
0,0,0
0,0,0
0,0,0
0,0,1
0,0,0
0,0,0
0,0,0
0,0,0
0,0,0
0,0,0
0,0,0
0,1,0
0,0,0
0,0,0
0,0,0
0,1,0
0,0,1
0,0,0
0,0,0
0,0,1
0,0,1
0,0,1
0,0,0
1,0,0
0,0,0
0,0,0
0,0,0
0,0,0
1,0,0
0,0,0
0,0,0
1,0,0
0,0,0
0,0,0
0,0,0
0,0,0
0,0,1
0,0,0
0,0,0
0,0,0
0,0,0
0,0,1
0,0,1
0,0,0
0,1,0
1,0,0
0,0,0
0,0,1
0,0,0
0,0,0
0,0,1
0,1,0
1,0,0
0,0,0
0,1,0
0,0,0
0,0,0
0,0,1
1,0,0
0,0,1
0,0,0
0,0,0
0,0,1
0,0,0
0,0,0
0,0,0
0,0,0
0,0,0
0,0,1
0,0,0
1,0,0
1,0,0
0,1,0
0,0,1
0,0,0
0,0,0
0,0,0
0,0,0
0,0,0
1,0,0
0,1,0
0,0,0
0,0,0
1,0,0
0,0,0
0,0,0
0,0,0
1,0,0
0,0,0
0,0,0
0,0,0
0,0,0
0,0,0
0,0,0
0,0,1
0,0,0
0,0,0
0,0,0
0,1,0
0,0,0
0,0,0
0,0,0
0,0,0
0,0,0
0,1,0
0,0,0
0,0,0
0,0,0
0,0,0
0,0,0
0,0,0
0,0,0
0,0,0
0,0,0
1,0,0
0,1,0
1,0,0
0,0,0
1,0,0
0,0,0
0,0,0
0,0,0
0,0,0
0,0,0
0,0,0
0,0,0
0,0,0
0,0,1
0,0,1
0,1,0
0,0,0
0,0,0
0,0,0
0,0,0
0,0,0
0,0,0
1,0,0
0,0,0
0,0,0
0,0,0
0,0,0
0,0,1
0,0,0
0,0,0
0,0,1
0,0,0
1,0,0
0,0,1
0,0,0
0,0,1
1,0,0
0,0,0
0,0,1
0,1,0
0,0,0
0,1,0
0,0,0
0,1,0
1,0,0
0,0,0
0,0,0
0,0,0
0,0,0
0,0,1
0,0,0
0,0,1
0,0,0
0,0,0
0,0,0
0,0,1
0,0,0
0,0,0
0,0,0
0,0,0
0,0,0
0,0,0
0,1,0
1,0,0
0,0,0
0,0,0
0,0,0
1,0,0
1,0,0
0,0,0
0,0,1
0,0,1
0,0,0
0,0,0
0,0,0
0,0,0
0,0,0
1,0,0
0,0,1
0,0,0
0,0,0
0,0,0
0,0,0
0,0,1
0,0,0
0,0,0
0,0,0
0,0,1
0,0,1
0,1,0
0,0,0
0,0,0
0,0,1
0,0,0
0,0,0
0,0,0
0,0,0
0,0,0
0,0,0
0,0,0
0,0,1
0,0,0
1,0,0
0,0,1
0,0,1
0,1,0
0,0,0
0,0,1
0,0,0
1,0,0
1,0,0
0,0,0
1,0,0
0,0,0
0,0,1
0,0,0
0,0,0
0,0,0
0,0,0
0,1,0
0,0,0
0,0,0
0,0,0
0,0,0
0,0,1
0,0,0
0,0,0
0,0,0
0,0,0
0,0,0
0,0,0
0,0,1
0,1,0
0,0,0
1,0,0
0,0,1
0,0,1
0,1,0
0,0,0
0,0,1
0,0,0
0,0,0
0,0,0
0,0,0
0,1,0
0,0,0
0,0,1
0,0,0
0,0,0
0,0,0
0,0,0
0,0,1
0,1,0
0,0,0
0,0,0
0,0,0
0,0,0
0,0,0
0,1,0
0,0,0
0,0,0
0,0,0
0,0,1
0,0,0
0,0,0
0,0,0
0,0,0
0,0,0
0,0,0
0,0,0
0,0,1
0,1,0
0,1,0
0,0,1
0,1,0
0,0,1
0,0,1
0,0,0
0,0,0
0,0,0
0,0,0
0,0,0
0,0,0
0,0,1
1,0,0
0,0,0
0,0,0
0,0,0
0,0,0
0,0,0
0,0,0
0,0,1
0,0,0
0,1,0
0,0,1
0,0,0
0,1,0
0,0,0
0,0,1
0,0,0
0,0,0
0,0,0
0,0,0
0,0,0
0,0,0
0,0,1
1,0,0
0,0,0
0,1,0
0,0,0
0,0,0
0,0,0
0,0,0
0,1,0
0,0,1
0,1,0
0,0,1
0,0,0
0,0,0
0,1,0
0,0,0
1,0,0
1,0,0
0,0,0
0,1,0
0,0,0
0,0,0
0,0,0
0,0,0
0,0,0
0,0,1
0,0,0
0,0,1
0,0,0
0,0,0
0,1,0
0,0,1
0,0,1
0,0,0
0,0,1
0,0,0
0,1,0
0,0,0
0,1,0
0,0,0
0,0,0
0,0,0
0,1,0
0,0,0
0,0,1
0,1,0
0,0,0
0,0,0
0,0,0
0,0,1
0,0,0
0,0,0
1,0,0
0,0,1
1,0,0
0,0,0
0,0,0
0,1,0
0,1,0
0,0,0
0,1,0
0,0,1
0,0,1
0,0,0
1,0,0
1,0,0
0,0,0
0,0,0
0,1,0
0,0,0
0,0,0
1,0,0
0,0,1
0,0,0
0,0,0
0,0,0
0,0,1
0,1,0
0,0,0
0,0,0
0,0,0
0,0,0
0,0,1
0,0,0
0,0,0
0,0,0
1,0,0
0,0,0
0,0,0
0,0,0
0,0,0
0,0,0
0,0,0
0,0,0
0,0,0
0,0,0
0,0,1
0,0,0
0,0,1
0,1,0
0,1,0
0,0,0
0,0,0
0,0,0
1,0,0
0,0,0
0,0,1
0,0,0
0,0,0
0,1,0
1,0,0
0,0,0
0,0,0
0,0,0
0,0,0
0,0,1
0,0,0
0,0,0
0,0,0
0,0,0
0,1,0
0,0,0
0,0,0
0,0,0
0,0,0
0,0,0
0,0,0
1,0,0
0,0,0
0,0,0
1,0,0
0,0,1
0,1,0
1,0,0
0,0,0
0,0,0
0,0,0
1,0,0
0,0,1
0,0,0
0,0,0
0,0,0
0,0,1
0,0,0
0,0,1
1,0,0
0,0,0
0,0,0
0,0,0
0,0,1
0,1,0
0,0,0
0,0,0
0,0,1
0,0,0
0,0,0
0,0,0
0,0,0
0,0,0
0,0,0
0,0,0
1,0,0
0,1,0
0,0,0
0,0,0
0,0,0
1,0,0
1,0,0
0,0,1
0,1,0
0,0,0
0,0,0
0,1,0
0,1,0
0,0,0
0,0,0
0,0,1
0,0,0
0,0,1
0,0,0
0,0,1
0,0,1
0,0,0
0,1,0
0,0,0
0,0,0
0,0,0
0,0,0
0,0,0
0,0,0
0,0,0
0,0,0
0,0,1
0,1,0
0,0,0
1,0,0
0,0,0
0,1,0
0,0,1
0,0,0
1,0,0
0,0,0
0,0,0
0,0,0
0,0,0
1,0,0
0,1,0
0,0,0
0,0,1
0,0,0
0,0,0
0,0,0
0,0,0
0,0,0
0,0,0
0,0,0
1,0,0
1,0,0
0,0,1
0,0,0
0,0,0
0,0,0
0,0,1
0,0,0
0,0,1
0,0,0
0,0,1
0,0,0
0,0,1
0,0,0
0,0,0
0,1,0
0,0,1
0,0,0
0,0,0
0,0,0
0,0,0
0,0,1
0,0,0
0,0,0
0,0,0
0,0,1
0,0,0
0,0,0
0,0,0
0,0,0
0,0,0
1,0,0
0,0,0
0,0,0
0,0,0
0,0,0
0,0,0
0,0,0
1,0,0
1,0,0
1,0,0
0,1,0
0,0,0
0,0,0
0,0,0
0,0,0
0,0,0
0,1,0
0,0,0
0,0,1
0,0,0
0,0,1
1,0,0
0,0,1
0,0,0
0,0,0
0,0,0
0,0,1
0,0,1
0,0,0
0,0,0
0,0,0
0,0,1
1,0,0
0,0,1
0,1,0
0,0,0
0,0,0
0,0,0
1,0,0
0,0,1
0,0,0
0,0,0
0,0,0
0,0,0
0,0,0
0,0,0
0,0,0
1,0,0
0,0,0
0,0,0
1,0,0
0,0,0
0,0,0
0,0,0
0,0,0
0,0,1
0,0,0
0,0,0
0,0,1
0,0,0
0,1,0
0,0,0
0,0,1
0,0,1
0,0,0
0,0,0
0,0,0
0,0,0
0,0,0
0,0,0
0,1,0
1,0,0
0,0,0
0,1,0
0,0,0
1,0,0
1,0,0
0,0,0
1,0,0
0,0,0
0,0,0
0,0,1
0,0,0
0,0,0
0,0,0
0,0,0
0,0,1
0,0,0
0,0,0
0,0,0
0,0,1
0,0,0
0,0,0
0,0,0
1,0,0
0,0,0
0,0,0
0,0,0
0,0,1
1,0,0
1,0,0
0,0,0
0,0,0
0,0,0
0,0,0
0,0,0
0,0,0
0,0,0
0,0,0
0,1,0
0,0,0
0,1,0
0,0,0
0,0,0
0,0,0
0,0,0
0,0,0
0,1,0
0,0,0
0,0,0
0,0,0
0,0,0
0,0,1
0,0,0
0,0,0
0,1,0
0,0,1
0,0,0
0,0,0
0,0,0
0,0,0
1,0,0
0,0,0
0,1,0
0,1,0
0,1,0
0,0,0
0,1,0
0,0,0
0,0,0
0,0,0
0,0,0
0,0,0
0,0,0
0,0,1
0,0,0
0,0,0
0,0,0
0,0,0
0,0,0
1,0,0
0,0,0
0,0,0
0,0,0
0,0,0
0,0,0
1,0,0
1,0,0
0,1,0
0,0,1
0,0,0
0,1,0
0,0,0
0,0,0
0,0,0
0,1,0
0,0,0
0,1,0
0,0,0
0,0,0
0,1,0
0,1,0
0,0,0
0,0,0
1,0,0
0,0,0
0,0,0
1,0,0
0,0,0
0,0,0
0,0,0
0,0,0
1,0,0
0,0,1
0,0,0
0,0,1
0,1,0
0,0,0
0,0,1
0,1,0
0,0,1
0,0,0
0,0,0
1,0,0
0,1,0
0,0,1
0,1,0
0,0,0
0,0,0
0,0,0
1,0,0
0,0,0
0,0,0
1,0,0
1,0,0
1,0,0
0,0,0
0,0,0
0,0,0
0,0,0
0,0,0
1,0,0
1,0,0
0,0,0
1,0,0
0,0,0
0,0,0
0,0,0
0,1,0
0,0,0
0,0,0
0,0,0
0,0,1
0,0,0
0,0,0
0,0,0
0,1,0
0,0,0
0,0,1
0,0,0
1,0,0
0,1,0
0,0,1
0,0,0
0,0,0
1,0,0
0,1,0
0,0,0
0,0,0
0,0,0
0,0,1
0,0,0
0,0,1
0,0,0
0,0,1
0,0,0
0,1,0
0,0,0
1,0,0
0,0,0
0,0,0
0,1,0
0,1,0
0,0,1
0,0,0
0,1,0
0,0,0
0,0,0
0,0,1
0,0,1
0,0,0
1,0,0
0,0,1
0,0,0
0,0,1
0,0,0
0,0,0
0,0,0
0,0,0
0,0,0
0,0,0
0,0,1
0,0,0
0,0,0
0,0,0
0,0,1
0,0,0
0,0,0
0,0,0
0,0,0
0,0,0
1,0,0
0,0,0
0,0,0
0,0,0
0,0,0
0,0,1
0,0,1
0,0,0
0,1,0
1,0,0
0,0,0
0,0,0
0,0,0
0,0,0
0,0,0
0,0,1
0,0,0
0,0,0
0,0,0
0,0,0
0,0,0
0,0,0
0,0,1
0,0,1
0,0,0
0,0,0
0,0,0
0,0,0
0,0,0
1,0,0
0,0,0
0,0,1
0,0,0
1,0,0
0,0,0
0,0,0
0,1,0
0,0,0
0,0,0
0,0,0
0,1,0
0,0,0
0,1,0
0,0,0
0,0,0
1,0,0
0,0,0
1,0,0
0,0,0
0,0,0
0,0,0
0,1,0
0,0,0
0,0,0
0,1,0
0,0,0
0,0,1
0,0,0
0,0,0
0,1,0
0,0,0
0,0,1
0,0,1
0,0,1
0,1,0
1,0,0
0,0,1
0,0,1
0,0,0
0,0,1
0,0,1
0,0,0
0,0,1
0,0,0
0,0,0
0,0,0
0,0,0
0,0,1
1,0,0
0,0,0
0,0,0
0,0,0
1,0,0
0,1,0
0,0,0
0,0,1
0,0,0
0,0,0
0,1,0
1,0,0
0,0,1
0,0,0
0,0,0
0,0,0
0,0,0
0,0,0
0,0,0
0,0,1
0,0,1
0,0,0
0,0,0
0,0,0
1,0,0
0,0,0
0,0,0
0,0,0
0,0,1
1,0,0
0,0,0
0,0,0
0,0,0
0,0,0
0,0,0
0,0,1
1,0,0
0,0,0
0,0,0
0,0,0
0,0,0
0,0,0
0,0,0
0,0,1
0,0,0
0,0,0
0,0,0
0,0,0
0,1,0
0,0,0
1,0,0
0,0,0
0,0,0
0,0,1
0,1,0
0,0,0
0,0,1
0,0,0
0,0,0
0,0,0
0,0,0
1,0,0
0,0,0
0,0,0
0,0,0
0,0,1
0,0,0
0,0,0
1,0,0
0,0,0
0,1,0
0,0,0
0,0,0
1,0,0
0,0,1
0,0,0
0,0,0
0,0,0
0,0,0
0,0,1
0,0,1
1,0,0
0,0,0
0,0,0
0,0,0
0,0,0
0,0,0
0,0,1
0,0,0
1,0,0
0,0,0
0,0,0
0,0,0
0,0,0
0,0,0
0,0,0
0,1,0
0,0,0
0,0,1
0,0,0
0,0,0
0,0,0
1,0,0
0,1,0
0,0,0
0,0,0
0,0,0
0,1,0
1,0,0
0,0,1
1,0,0
1,0,0
0,0,0
0,0,0
1,0,0
1,0,0
0,0,0
0,1,0
0,0,0
0,0,0
1,0,0
0,0,0
0,0,1
1,0,0
1,0,0
0,0,0
0,0,0
0,0,0
0,0,0
0,0,0
0,0,0
0,0,0
0,0,0
0,0,0
1,0,0
0,0,0
0,0,1
0,1,0
0,0,0
0,0,1
0,0,0
0,0,0
0,0,1
0,0,0
0,0,0
0,0,0
0,0,0
0,0,0
0,0,0
0,0,0
0,0,0
0,0,0
0,0,0
1,0,0
0,0,0
1,0,0
0,0,0
0,0,0
0,0,0
0,0,1
0,1,0
0,0,0
0,0,0
0,0,0
0,0,1
0,0,0
0,0,0
0,0,0
0,0,1
0,1,0
0,0,0
0,0,0
0,0,1
0,0,0
0,0,0
1,0,0
0,0,0
0,0,1
0,0,1
0,0,0
0,0,0
0,0,1
0,0,0
0,0,0
0,0,1
0,0,0
0,0,0
0,0,1
0,0,1
0,0,1
0,0,0
0,0,0
0,1,0
0,0,0
1,0,0
0,0,0
0,0,1
0,0,0
0,0,1
0,0,0
1,0,0
0,0,0
0,0,0
0,0,0
0,0,0
0,0,0
0,0,0
0,0,1
0,0,0
0,0,1
0,0,0
0,0,0
0,1,0
0,0,1
0,0,0
0,0,0
0,0,0
1,0,0
0,0,0
0,0,0
0,0,0
0,0,0
0,1,0
0,0,0
0,0,0
0,0,0
1,0,0
0,0,0
0,0,0
0,0,0
0,0,1
0,1,0
0,0,0
0,0,0
0,0,0
0,0,0
0,0,0
0,0,1
0,0,0
0,0,0
0,0,0
0,0,0
0,0,0
0,0,0
0,0,0
0,0,1
0,0,0
0,0,1
0,0,0
0,1,0
0,1,0
0,0,0
0,0,0
0,0,0
0,0,0
0,1,0
0,0,1
0,0,0
0,1,0
0,0,1
0,0,0
0,0,0
0,0,1
0,1,0
1,0,0
0,0,1
0,0,0
0,0,0
0,0,0
1,0,0
1,0,0
0,0,0
0,1,0
0,0,0
0,0,0
0,0,1
0,0,0
1,0,0
0,1,0
0,0,1
0,0,1
0,0,0
0,0,0
0,0,1
1,0,0
0,0,0
0,0,0
0,0,0
0,0,1
1,0,0
0,0,1
0,1,0
0,1,0
0,0,0
0,1,0
0,0,0
0,0,0
0,0,0
0,0,0
0,0,0
0,0,0
0,1,0
0,0,0
0,0,0
0,0,0
1,0,0
0,0,0
0,0,0
0,1,0
0,0,0
0,0,0
0,1,0
0,0,1
0,0,1
0,0,1
0,1,0
1,0,0
0,0,0
0,0,1
0,0,0
0,0,0
0,1,0
0,0,0
0,0,0
0,0,0
0,0,0
0,0,0
0,0,0
0,0,0
0,1,0
0,0,0
0,0,0
0,0,0
0,0,0
0,0,0
0,0,1
0,0,0
0,1,0
1,0,0
0,0,0
0,1,0
0,0,0
0,0,0
0,0,0
0,0,0
0,0,0
0,0,1
0,1,0
0,0,0
0,0,0
1,0,0
0,0,0
1,0,0
0,1,0
0,0,1
0,0,0
0,0,0
0,0,0
0,1,0
0,0,1
0,0,1
0,0,0
0,0,1
0,0,1
0,0,0
0,0,0
0,0,0
0,0,1
0,0,1
0,0,0
1,0,0
0,0,0
0,0,0
0,0,1
1,0,0
0,0,0
0,0,0
0,0,0
0,0,0
0,1,0
0,0,0
0,0,1
0,0,0
0,0,0
0,0,1
0,1,0
0,0,1
1,0,0
0,0,0
0,0,1
0,0,1
0,0,0
0,0,1
0,0,0
0,0,1
0,0,0
0,0,0
1,0,0
1,0,0
0,0,0
0,0,1
0,0,1
0,0,0
0,0,0
0,0,1
0,0,0
0,0,0
0,0,1
0,1,0
0,0,1
0,0,0
0,0,0
1,0,0
0,0,0
0,0,0
0,0,0
0,0,0
0,0,1
0,0,0
1,0,0
0,0,0
0,0,0
0,0,0
0,0,0
0,0,0
0,0,0
0,0,0
0,0,0
0,0,0
0,0,0
1,0,0
1,0,0
0,1,0
1,0,0
0,0,0
0,0,0
1,0,0
0,1,0
0,0,0
0,0,0
0,0,0
0,0,0
0,0,0
0,0,0
0,0,0
0,0,0
0,0,0
0,0,0
0,0,0
0,0,0
0,1,0
0,0,1
0,0,0
0,1,0
0,0,1
0,0,0
0,0,0
0,0,0
0,0,1
0,0,1
0,0,0
0,1,0
0,0,0
0,0,0
0,0,0
0,0,0
0,0,0
0,0,1
0,0,1
0,0,0
0,0,0
0,0,0
0,0,1
0,0,0
0,0,1
0,0,0
0,0,0
0,0,0
0,0,0
0,0,0
0,0,1
0,0,0
0,0,0
0,0,1
0,0,0
0,0,0
1,0,0
0,0,0
0,0,0
1,0,0
0,0,0
0,0,0
0,0,0
1,0,0
0,0,1
0,0,0
0,1,0
0,0,0
0,0,0
0,1,0
0,0,0
0,0,1
0,0,1
0,0,0
0,0,0
0,0,0
0,0,0
0,0,0
0,1,0
0,0,0
0,0,0
0,0,0
0,0,0
0,0,1
0,0,0
0,0,0
1,0,0
0,0,1
0,0,0
1,0,0
0,0,0
0,0,0
0,0,0
0,0,0
0,0,1
0,0,1
1,0,0
0,0,0
0,0,0
0,0,0
0,0,0
0,0,0
0,0,0
0,0,0
0,0,1
0,0,0
0,0,1
0,0,1
0,0,0
0,0,0
0,1,0
0,0,0
0,0,0
0,0,0
1,0,0
0,0,0
0,0,0
0,0,0
0,0,1
0,0,0
0,0,0
0,0,0
0,0,0
0,0,1
0,0,0
0,0,0
0,1,0
0,0,0
1,0,0
0,0,0
0,0,1
0,0,0
0,0,1
0,0,0
0,0,1
0,0,0
0,0,1
0,0,1
0,0,1
0,0,0
0,0,0
0,1,0
0,0,0
0,0,0
0,0,0
1,0,0
0,0,0
0,0,0
0,0,0
0,0,0
0,0,0
0,0,0
0,1,0
0,0,1
0,0,0
0,0,0
0,0,1
0,0,0
0,1,0
0,0,1
0,0,1
0,0,0
1,0,0
0,0,0
0,0,0
0,0,0
0,0,0
0,0,0
1,0,0
0,0,0
0,0,0
0,0,0
1,0,0
0,1,0
0,0,0
0,0,0
0,1,0
0,0,0
0,0,0
0,0,0
0,0,0
0,0,0
0,0,0
1,0,0
1,0,0
0,1,0
0,0,0
0,0,0
0,0,0
0,1,0
0,0,0
0,0,0
0,0,0
0,0,0
0,0,0
0,0,0
0,0,0
0,0,0
0,0,1
0,0,0
0,0,0
0,0,0
0,0,1
0,0,0
0,0,0
0,0,0
0,0,0
0,0,1
0,0,0
1,0,0
0,0,0
0,0,0
0,0,0
0,0,1
0,0,0
0,0,0
0,0,0
1,0,0
0,0,0
0,1,0
1,0,0
0,0,0
0,0,0
0,0,1
0,0,0
0,0,0
0,0,0
0,0,0
0,0,1
0,0,1
0,1,0
0,0,0
0,0,0
0,0,0
0,1,0
0,0,0
0,0,1
0,0,0
0,0,0
0,0,0
0,0,0
0,0,0
0,0,0
0,0,0
0,0,0
0,0,1
0,0,0
0,0,1
0,0,0
0,0,0
0,0,0
0,0,0
0,0,0
0,0,0
0,0,0
0,0,0
0,0,0
1,0,0
1,0,0
0,0,1
0,0,0
0,0,0
1,0,0
1,0,0
0,0,0
0,0,1
0,0,0
0,0,0
0,0,1
0,0,0
0,0,0
0,1,0
0,0,0
0,0,0
0,0,1
0,0,1
0,0,0
0,0,0
0,0,0
0,0,1
1,0,0
0,1,0
0,0,0
0,0,0
0,0,0
0,0,0
0,1,0
0,0,0
0,0,0
0,0,0
0,0,0
0,0,0
0,0,0
0,0,0
0,0,0
0,0,0
1,0,0
0,1,0
0,0,0
0,0,1
0,0,0
0,0,0
0,0,0
0,0,0
1,0,0
0,0,1
0,0,0
0,1,0
0,0,1
1,0,0
0,0,0
0,0,0
0,0,0
1,0,0
0,0,0
0,0,0
0,0,0
0,0,0
0,0,0
0,0,0
1,0,0
0,0,0
0,1,0
0,0,0
1,0,0
1,0,0
0,0,1
0,0,0
0,0,0
0,1,0
0,0,0
0,0,1
0,0,1
0,0,0
0,0,1
0,0,0
0,1,0
0,1,0
0,0,1
0,0,0
0,0,1
0,0,1
0,0,0
0,0,1
0,0,0
0,0,0
0,0,0
0,1,0
0,0,0
0,0,0
1,0,0
0,0,0
0,0,0
0,0,0
0,0,0
0,0,0
0,0,0
0,0,0
0,0,0
0,0,1
0,0,0
0,0,0
0,0,0
0,0,0
0,0,0
0,0,0
0,0,0
0,0,0
0,0,0
0,0,0
0,1,0
0,0,1
0,0,0
0,0,0
0,0,0
1,0,0
0,0,0
0,1,0
0,0,1
1,0,0
0,0,0
0,0,0
0,1,0
0,0,0
0,0,0
0,0,0
0,0,1
0,0,0
0,0,0
1,0,0
0,0,1
0,0,0
0,0,0
0,0,0
0,0,1
0,0,0
0,0,0
0,0,0
0,1,0
1,0,0
0,0,0
0,0,0
0,0,0
0,0,0
0,0,0
0,0,0
0,0,0
0,0,0
0,1,0
0,0,1
0,0,1
0,0,0
0,0,0
0,1,0
0,0,0
0,1,0
0,0,0
0,0,1
0,0,0
0,0,1
0,0,0
0,0,0
0,0,1
0,0,0
0,0,1
1,0,0
0,0,0
0,0,0
0,0,1
0,0,0
0,0,1
1,0,0
0,0,0
0,0,0
0,0,1
0,0,0
0,0,0
1,0,0
0,0,0
0,0,0
0,0,0
0,0,0
0,0,0
0,0,0
0,0,0
0,0,0
0,0,1
0,0,0
0,1,0
0,0,0
0,0,0
0,1,0
0,0,1
0,0,0
0,1,0
0,0,0
0,0,1
0,0,0
0,0,0
0,0,0
0,0,0
0,0,0
0,1,0
0,0,0
0,0,1
0,0,0
0,0,0
0,0,0
0,0,0
0,0,0
1,0,0
0,0,0
0,1,0
0,0,0
0,1,0
0,0,0
0,0,0
1,0,0
0,0,0
0,0,0
1,0,0
1,0,0
0,0,1
1,0,0
0,0,0
1,0,0
0,0,1
0,0,1
0,0,0
0,1,0
0,0,0
0,0,1
0,0,0
0,0,0
0,0,0
0,0,0
0,0,0
0,0,0
0,0,0
0,1,0
0,0,0
0,0,0
0,0,0
0,0,0
0,0,0
1,0,0
0,0,1
0,0,0
0,0,0
0,0,1
0,0,0
0,0,1
0,0,1
0,0,1
0,0,0
0,0,0
0,0,0
1,0,0
0,0,0
1,0,0
0,0,0
0,0,0
0,0,0
0,0,0
0,0,0
0,0,0
0,0,0
0,0,1
0,0,0
0,0,0
1,0,0
0,0,0
0,1,0
0,1,0
0,0,0
0,0,0
1,0,0
0,0,0
0,0,0
0,0,0
0,0,0
0,0,0
0,0,0
0,1,0
0,0,1
0,0,0
0,0,0
0,0,0
0,1,0
0,0,1
0,0,1
0,0,0
0,0,0
0,0,0
1,0,0
0,0,0
0,0,0
0,1,0
0,0,0
0,0,0
0,0,0
0,0,1
0,1,0
0,0,0
0,0,0
0,0,0
0,0,0
0,0,0
1,0,0
0,0,0
0,0,0
0,0,1
0,0,0
0,0,0
0,1,0
0,0,0
0,0,0
0,1,0
0,0,0
0,0,1
0,0,0
0,0,0
0,1,0
0,0,0
0,0,0
0,0,1
0,0,1
0,1,0
0,1,0
0,0,0
1,0,0
0,0,0
0,0,0
0,0,0
0,0,0
0,0,1
0,0,0
1,0,0
0,0,0
1,0,0
0,0,0
0,1,0
0,0,0
0,0,1
1,0,0
0,0,0
0,0,0
0,0,0
0,0,1
1,0,0
0,0,0
1,0,0
0,0,0
1,0,0
0,0,1
0,0,0
0,0,0
0,0,0
1,0,0
1,0,0
0,0,0
0,0,1
0,0,0
0,0,0
0,0,0
0,0,0
0,0,1
0,0,1
0,0,0
0,0,0
0,0,0
0,0,0
0,0,0
0,0,0
0,1,0
0,0,0
1,0,0
0,0,0
0,0,0
0,0,1
0,0,0
0,0,1
0,0,0
1,0,0
0,0,0
0,0,0
0,1,0
0,0,0
0,0,0
0,0,1
0,0,0
0,0,0
0,0,0
0,0,1
1,0,0
0,0,0
0,0,0
0,0,0
0,0,1
0,0,0
0,0,0
0,0,1
0,0,0
0,0,1
0,1,0
0,0,0
0,0,0
1,0,0
0,0,0
0,0,0
0,0,0
0,1,0
0,0,0
0,0,1
0,0,0
0,0,1
0,0,0
0,0,0
0,0,0
0,0,0
0,0,0
0,0,0
0,0,0
0,0,0
0,1,0
0,0,1
0,0,0
0,1,0
0,0,1
0,0,0
0,0,1
0,0,0
0,0,0
1,0,0
0,0,0
0,0,0
0,0,0
0,0,0
1,0,0
0,0,0
0,0,1
0,0,0
1,0,0
0,0,0
0,0,0
0,0,0
0,0,0
0,0,0
0,0,0
0,0,0
0,0,0
0,0,0
0,0,0
0,1,0
0,0,0
0,0,0
0,0,0
0,0,0
0,0,1
0,0,1
1,0,0
1,0,0
0,0,0
0,0,0
0,0,0
0,0,1
0,0,0
0,0,0
0,0,0
0,0,1
0,0,0
0,0,0
0,0,0
0,1,0
0,0,0
0,0,0
0,0,1
1,0,0
0,0,0
0,0,0
0,0,0
0,0,0
0,0,1
0,1,0
0,1,0
0,0,0
0,0,0
0,0,1
0,0,1
0,0,1
0,1,0
0,0,0
0,0,0
0,0,1
1,0,0
0,0,0
0,0,0
0,0,0
1,0,0
0,0,0
0,0,0
0,0,0
0,0,0
0,0,0
0,0,0
0,0,0
0,0,0
0,0,0
0,0,0
1,0,0
0,0,0
0,0,0
0,0,0
0,0,0
0,0,0
1,0,0
1,0,0
0,0,0
0,1,0
0,1,0
1,0,0
0,0,0
0,0,0
1,0,0
0,0,1
1,0,0
0,0,0
0,0,0
0,0,1
0,1,0
0,0,0
0,0,0
1,0,0
0,1,0
0,1,0
0,0,0
0,0,0
0,0,0
0,0,1
0,0,0
0,0,1
0,0,0
0,0,0
0,1,0
0,0,0
0,0,0
0,0,1
0,0,1
0,0,0
0,0,0
0,0,1
1,0,0
0,0,0
0,0,1
0,0,0
0,0,0
0,0,0
0,1,0
1,0,0
0,0,0
0,0,0
0,0,0
0,0,0
0,0,0
0,0,0
1,0,0
0,0,0
0,0,0
0,0,0
0,0,1
0,0,0
0,0,1
0,0,0
0,1,0
0,0,0
0,0,1
0,0,1
0,0,0
0,0,0
0,0,0
0,0,0
1,0,0
0,0,0
0,1,0
0,0,0
0,0,1
0,0,0
1,0,0
0,0,0
0,0,0
0,0,0
0,0,0
0,0,0
0,1,0
1,0,0
0,0,0
0,0,0
0,0,1
0,0,0
0,0,0
1,0,0
0,0,0
0,0,0
0,0,0
0,1,0
0,0,0
0,0,0
0,0,0
0,0,0
0,1,0
0,0,0
0,0,0
0,0,0
0,0,0
0,0,0
0,0,0
0,0,1
1,0,0
0,0,0
1,0,0
0,0,0
0,1,0
0,0,0
0,0,0
1,0,0
0,0,0
0,0,0
0,0,0
0,0,0
1,0,0
1,0,0
0,0,1
0,0,1
0,0,0
0,0,0
0,0,0
0,0,0
0,0,0
0,0,0
0,0,0
0,0,0
0,0,0
0,0,0
0,0,0
0,0,0
0,0,0
0,0,0
0,0,0
0,0,0
0,0,1
0,0,0
0,0,0
0,0,0
0,0,0
0,0,0
0,0,1
0,0,0
0,0,1
0,0,1
0,0,0
0,0,1
0,0,0
1,0,0
0,0,0
0,0,0
0,0,0
0,0,0
0,1,0
0,0,1
0,1,0
1,0,0
0,0,0
0,0,1
0,1,0
1,0,0
0,0,0
0,0,0
0,0,0
0,0,1
0,0,0
0,0,0
0,1,0
0,1,0
0,1,0
0,0,0
0,0,0
0,0,0
0,0,0
0,0,0
0,0,0
1,0,0
0,0,0
0,0,0
1,0,0
0,0,0
0,0,0
0,1,0
0,0,0
0,0,1
0,0,1
0,0,0
0,1,0
0,0,1
0,0,0
0,0,0
0,0,1
0,0,1
0,1,0
0,0,0
0,0,0
0,0,1
0,0,0
0,0,1
0,0,0
0,0,1
0,0,0
0,0,1
1,0,0
0,0,0
0,0,0
0,0,0
0,0,0
0,0,0
0,0,1
0,0,0
0,0,0
0,1,0
0,0,0
0,1,0
0,0,0
0,0,0
0,0,0
0,0,0
0,0,1
0,0,0
0,0,0
0,0,0
0,0,0
0,0,1
0,0,0
0,0,0
0,0,1
0,0,0
0,0,0
0,0,0
0,0,0
0,0,0
0,0,0
0,0,0
0,0,1
0,0,0
0,0,0
0,1,0
0,1,0
0,0,0
0,0,0
0,1,0
0,0,1
0,0,0
0,0,0
0,0,1
0,1,0
0,0,0
0,1,0
1,0,0
0,0,1
0,0,1
0,0,1
0,1,0
0,0,0
0,0,0
0,0,0
0,0,0
0,1,0
0,0,0
0,0,0
0,0,0
1,0,0
0,0,0
1,0,0
0,0,0
0,0,1
0,0,0
0,0,0
0,0,0
0,0,0
0,0,1
0,0,0
0,1,0
0,0,0
0,0,0
0,0,0
0,0,0
1,0,0
0,0,0
0,0,0
0,0,0
0,0,0
0,1,0
1,0,0
0,0,0
0,0,0
1,0,0
1,0,0
0,1,0
0,0,0
0,0,1
0,1,0
0,0,0
0,0,1
0,0,1
0,0,0
0,1,0
0,0,0
0,0,0
0,0,0
0,0,1
0,0,1
0,1,0
0,0,0
0,0,0
1,0,0
0,0,0
0,0,1
0,0,0
0,0,0
0,0,1
0,0,0
0,0,0
0,0,1
0,0,0
0,0,0
0,0,1
1,0,0
0,0,0
0,0,1
0,0,1
0,0,0
0,0,0
0,0,0
0,0,0
0,0,0
0,0,0
0,0,0
1,0,0
0,0,0
0,0,0
0,0,0
0,0,1
0,1,0
0,0,0
0,0,0
0,0,0
0,0,0
1,0,0
0,0,0
0,1,0
1,0,0
0,0,1
0,0,0
0,0,0
0,0,0
0,0,0
0,0,0
0,0,0
0,1,0
0,0,1
0,0,1
0,0,0
0,0,0
0,0,0
0,0,1
0,1,0
0,0,0
0,0,0
0,1,0
0,0,1
0,0,0
0,0,0
0,0,0
0,0,0
0,0,1
0,0,0
0,0,0
0,0,0
0,0,0
0,0,1
0,0,1
0,0,0
0,0,0
1,0,0
0,0,0
0,1,0
0,0,0
0,0,0
0,0,1
0,1,0
0,0,0
0,1,0
0,0,0
0,0,0
0,0,0
1,0,0
0,0,0
0,0,0
0,0,0
1,0,0
0,0,1
0,0,0
0,1,0
0,0,0
0,0,0
0,0,0
0,1,0
0,0,0
0,0,0
0,0,0
0,0,0
0,0,0
0,0,0
0,0,0
0,0,0
0,0,1
0,0,0
0,0,0
0,0,0
0,1,0
0,0,1
0,0,0
0,1,0
0,0,1
0,0,0
0,0,0
1,0,0
0,0,1
0,0,0
0,0,0
0,0,0
0,0,1
0,0,0
0,0,1
0,0,0
0,0,0
1,0,0
0,0,0
1,0,0
1,0,0
0,1,0
0,0,1
0,0,0
1,0,0
0,1,0
0,0,1
0,0,0
0,1,0
0,0,1
0,0,0
0,0,1
0,0,0
0,0,0
0,0,1
0,0,0
0,0,1
0,0,0
0,0,0
0,0,0
0,0,0
0,0,0
0,1,0
1,0,0
0,0,0
0,0,1
0,0,1
0,0,0
0,0,1
0,0,0
0,0,0
0,0,1
0,0,0
1,0,0
0,0,0
0,0,0
0,0,0
0,0,0
0,0,0
0,0,0
0,0,0
0,0,0
0,0,0
1,0,0
1,0,0
0,0,0
1,0,0
0,1,0
1,0,0
0,0,0
0,0,0
0,0,0
0,0,0
0,0,0
0,0,0
0,0,0
0,0,0
0,0,0
0,0,1
0,0,0
0,0,0
0,0,0
0,1,0
1,0,0
0,1,0
1,0,0
0,0,1
0,0,1
0,0,0
0,0,0
0,0,0
1,0,0
0,0,0
0,0,1
0,0,0
0,0,0
0,0,0
0,1,0
0,1,0
0,0,1
0,1,0
0,0,0
0,0,0
0,0,0
0,0,1
0,1,0
0,0,0
0,0,0
0,1,0
0,1,0
0,0,0
0,0,0
0,0,1
0,1,0
0,0,0
0,0,0
0,0,0
0,0,0
0,0,0
0,0,1
1,0,0
0,0,0
0,0,1
0,0,1
1,0,0
0,0,0
1,0,0
0,0,0
0,0,0
0,0,1
0,0,0
0,0,0
0,0,0
0,0,0
0,0,0
0,1,0
0,0,0
0,0,0
0,0,0
0,0,0
0,0,0
0,0,0
0,0,0
0,0,0
0,0,1
0,0,0
0,0,0
0,0,0
0,0,0
0,1,0
0,0,0
0,0,0
0,0,0
1,0,0
0,0,0
0,0,0
0,0,1
0,0,1
0,0,1
0,0,0
0,0,0
0,0,0
0,0,0
0,0,0
0,0,0
0,0,0
0,0,0
0,0,0
0,0,0
0,0,0
0,0,0
0,0,0
0,0,0
1,0,0
0,0,1
0,0,1
0,0,0
0,0,0
0,0,1
0,1,0
0,0,0
0,0,0
1,0,0
0,1,0
1,0,0
0,0,0
0,0,1
0,0,0
0,1,0
0,0,0
0,1,0
0,1,0
0,1,0
1,0,0
0,0,0
0,0,1
0,0,0
0,0,0
0,0,0
1,0,0
0,0,1
0,0,0
0,0,0
0,0,0
0,0,1
0,0,0
0,0,0
0,0,1
0,0,0
0,0,1
0,0,0
0,0,0
0,0,0
0,1,0
0,0,0
0,0,0
0,0,1
0,0,1
0,0,1
0,0,1
0,0,0
0,0,0
0,0,0
0,0,0
0,0,0
0,0,1
0,0,0
0,0,0
0,0,1
1,0,0
0,0,0
0,0,0
0,0,1
0,0,0
0,0,0
0,0,0
0,0,0
0,0,0
0,0,1
0,0,1
0,0,1
0,1,0
0,0,1
0,0,1
0,0,0
0,0,0
0,0,0
0,0,1
0,0,0
0,0,0
0,0,1
0,0,1
0,0,0
0,0,0
0,0,0
0,0,0
0,0,0
0,0,1
0,0,0
0,0,1
0,0,1
0,0,0
0,0,0
1,0,0
0,1,0
0,0,0
0,0,1
1,0,0
0,0,0
0,0,0
0,0,0
0,1,0
0,0,0
0,0,0
0,1,0
0,0,0
0,0,0
0,0,0
0,0,0
0,0,1
0,0,0
0,0,0
0,0,0
1,0,0
0,0,1
0,0,0
0,0,1
0,0,0
0,1,0
0,0,0
0,0,0
0,1,0
0,0,0
0,0,0
1,0,0
0,0,0
0,0,0
0,0,0
0,0,0
1,0,0
0,0,1
1,0,0
0,0,0
0,0,1
0,0,1
0,0,0
0,0,0
0,0,0
0,0,0
0,0,1
0,1,0
0,0,0
0,0,0
0,1,0
0,1,0
0,0,0
0,0,0
0,0,0
0,0,0
0,0,0
0,0,0
0,0,1
1,0,0
0,0,0
0,0,0
0,0,0
0,0,0
0,0,0
1,0,0
0,0,1
0,0,1
0,0,0
0,0,0
0,0,0
0,0,0
0,0,1
0,0,0
0,0,1
0,0,0
0,0,0
0,0,0
1,0,0
0,0,0
0,0,0
0,0,0
0,0,0
0,0,0
1,0,0
0,0,0
0,0,0
0,0,0
0,0,0
0,0,0
1,0,0
0,0,0
0,0,0
0,0,0
0,0,0
0,0,0
0,0,0
0,0,0
0,1,0
0,0,0
0,0,0
0,0,1
1,0,0
0,0,0
0,0,0
0,0,1
0,0,0
1,0,0
0,0,1
0,0,0
1,0,0
0,1,0
0,0,0
1,0,0
0,0,0
0,0,0
0,0,0
1,0,0
0,0,0
0,0,0
0,0,1
0,0,1
0,0,0
0,0,0
0,1,0
0,0,0
0,1,0
0,0,1
1,0,0
0,0,0
0,0,0
1,0,0
0,0,0
0,0,0
0,0,0
0,0,0
0,0,0
0,0,1
0,0,0
0,1,0
1,0,0
0,0,0
0,0,0
0,0,0
0,0,0
0,0,0
0,0,0
0,0,0
0,0,0
1,0,0
0,0,0
1,0,0
0,0,0
0,0,0
1,0,0
0,0,0
0,0,1
0,0,0
1,0,0
0,0,0
0,0,0
0,0,0
0,0,0
0,0,0
0,0,1
1,0,0
1,0,0
0,0,0
0,0,0
0,0,1
0,0,0
0,1,0
0,0,0
0,1,0
0,0,0
0,0,0
0,0,1
0,0,0
0,0,1
0,0,0
0,0,1
0,1,0
0,0,0
0,0,1
0,0,0
0,0,0
0,0,0
0,0,1
0,0,0
0,0,0
0,0,0
0,0,0
1,0,0
0,0,0
0,0,0
0,0,0
0,0,0
0,0,1
0,0,1
0,0,0
0,0,0
0,0,0
1,0,0
0,0,0
0,0,0
0,0,0
0,0,1
0,0,0
0,1,0
0,0,1
0,1,0
0,0,0
0,0,0
0,0,0
1,0,0
0,0,0
0,0,0
0,0,1
0,0,0
0,0,0
0,0,1
0,1,0
1,0,0
0,0,0
0,0,0
0,0,0
0,0,0
1,0,0
0,0,0
0,0,0
0,0,0
0,0,0
0,0,0
0,0,0
0,0,0
0,0,0
0,0,0
0,0,0
1,0,0
0,0,0
0,0,0
0,0,0
0,0,0
0,0,0
0,0,0
0,1,0
0,0,0
0,0,0
0,0,0
0,1,0
0,0,0
0,0,0
0,1,0
0,0,1
0,0,0
0,0,0
0,0,0
0,0,0
0,0,1
0,0,0
1,0,0
0,0,0
0,0,1
0,0,0
0,0,0
0,0,1
0,0,0
0,1,0
0,0,1
0,0,0
0,0,1
0,0,0
0,0,0
0,0,0
0,0,0
0,1,0
0,0,0
0,0,0
0,0,0
0,0,0
0,0,0
0,0,0
0,0,0
0,0,1
0,0,0
1,0,0
0,0,0
0,1,0
0,0,1
0,0,0
0,0,0
0,0,0
0,0,0
0,0,0
1,0,0
0,0,0
0,0,0
0,0,0
0,0,1
0,0,0
0,0,0
0,0,0
0,0,1
0,0,0
0,0,0
0,1,0
1,0,0
0,0,1
0,0,0
0,0,1
0,0,1
1,0,0
0,0,0
1,0,0
0,0,1
0,0,0
0,0,1
0,0,0
1,0,0
0,0,0
0,0,1
1,0,0
0,0,0
0,0,0
0,0,0
0,0,0
0,0,0
1,0,0
0,0,0
0,0,0
0,0,0
0,0,0
0,0,0
0,0,0
0,0,0
0,0,0
0,1,0
0,0,1
0,0,1
0,0,0
0,0,0
0,0,0
0,0,1
0,0,0
0,0,0
0,0,0
0,1,0
0,0,0
0,0,0
0,0,0
0,0,0
1,0,0
0,0,0
0,0,0
0,0,0
1,0,0
1,0,0
0,0,1
0,0,0
0,0,0
0,0,0
0,0,0
0,0,1
0,0,0
0,0,0
0,1,0
0,0,0
0,0,0
0,0,0
0,0,0
0,0,0
0,0,0
0,0,0
0,0,0
1,0,0
0,0,1
0,0,0
0,0,0
0,0,0
0,0,0
1,0,0
0,0,0
1,0,0
0,0,0
1,0,0
0,0,0
0,0,0
1,0,0
0,0,0
0,0,0
0,1,0
1,0,0
0,0,0
0,0,0
0,0,0
1,0,0
0,0,0
1,0,0
0,0,1
0,1,0
1,0,0
0,0,0
0,0,0
0,0,0
1,0,0
0,0,0
1,0,0
0,0,0
0,0,0
0,0,0
0,0,0
1,0,0
0,0,0
0,0,0
0,0,0
0,0,0
0,0,0
0,0,0
0,0,0
0,0,1
0,0,1
0,0,0
0,1,0
0,0,0
0,0,1
0,0,0
0,0,0
1,0,0
0,0,0
0,0,0
0,0,0
0,0,0
0,1,0
0,0,1
0,0,0
0,0,0
0,0,0
1,0,0
1,0,0
0,0,1
0,0,0
0,0,0
0,0,0
0,0,0
0,0,0
1,0,0
0,0,0
1,0,0
0,0,0
0,0,0
1,0,0
1,0,0
0,0,0
0,0,0
1,0,0
0,0,0
0,0,1
0,0,0
0,0,0
0,0,0
0,1,0
0,0,0
0,0,0
0,1,0
0,0,0
0,0,0
0,0,0
0,0,1
0,0,0
0,1,0
0,0,0
0,0,0
0,0,0
0,1,0
0,0,1
0,0,1
0,0,0
0,0,0
0,0,1
0,0,0
0,0,1
0,0,1
1,0,0
0,0,0
0,0,1
0,0,0
0,0,0
0,0,0
0,0,0
0,0,0
0,0,0
0,0,1
0,0,1
0,0,0
0,0,0
1,0,0
0,0,0
1,0,0
0,0,0
0,0,0
0,0,0
0,0,0
0,0,0
0,0,0
0,0,0
0,0,0
1,0,0
0,1,0
0,1,0
0,1,0
0,0,0
0,0,0
0,0,0
0,0,0
0,0,0
0,0,0
1,0,0
0,0,0
0,0,0
0,0,0
0,0,1
0,0,0
0,0,0
0,0,0
1,0,0
0,0,0
0,0,0
0,0,0
0,0,1
0,1,0
0,0,0
0,0,0
0,0,0
1,0,0
0,0,0
0,0,1
0,0,0
0,0,0
0,0,0
1,0,0
0,0,1
0,0,0
0,0,0
0,0,1
0,0,0
1,0,0
0,0,0
1,0,0
0,0,0
0,0,0
0,0,0
0,0,1
0,0,0
0,0,0
0,0,0
1,0,0
0,0,0
0,0,1
0,0,0
0,0,1
0,1,0
0,1,0
0,0,0
0,0,1
0,0,0
0,0,0
0,1,0
0,0,0
0,0,1
1,0,0
0,0,0
0,0,0
1,0,0
0,1,0
1,0,0
0,0,0
0,0,1
0,0,0
0,0,0
0,0,0
0,0,0
0,1,0
0,0,0
0,0,1
1,0,0
0,0,0
0,0,0
0,0,1
0,0,0
0,1,0
0,0,0
0,0,0
0,0,0
0,0,0
1,0,0
0,0,0
0,0,0
0,0,0
0,0,0
0,0,0
0,0,0
0,1,0
0,1,0
0,0,0
0,0,0
0,0,0
0,0,0
0,0,0
0,0,1
0,0,1
0,0,0
0,0,0
0,0,0
0,0,0
0,0,0
0,0,0
0,0,0
0,0,0
0,0,0
0,0,0
0,0,0
0,1,0
0,0,0
1,0,0
1,0,0
0,0,0
0,0,0
1,0,0
0,0,0
0,0,1
0,0,0
0,0,0
0,0,0
0,1,0
0,0,1
1,0,0
0,0,0
0,0,0
0,1,0
0,0,1
0,0,1
0,0,0
0,0,0
0,0,0
0,0,0
0,1,0
0,0,0
0,0,0
0,0,0
0,0,1
0,0,0
0,0,0
0,1,0
0,0,1
0,0,1
0,0,0
0,0,0
0,0,0
0,0,0
0,0,1
0,0,0
0,0,0
0,0,0
0,0,1
0,0,0
1,0,0
0,0,0
0,0,0
0,0,0
0,0,0
0,0,0
0,0,1
0,1,0
0,0,0
0,0,0
0,0,0
0,0,0
0,0,0
0,1,0
0,0,1
0,0,0
1,0,0
0,0,0
0,0,0
0,0,0
0,0,0
0,0,0
0,0,0
0,0,0
0,0,0
0,0,0
0,0,0
0,0,0
0,0,0
0,0,0
0,0,0
0,0,0
0,0,0
0,0,0
1,0,0
0,1,0
0,0,0
0,1,0
0,1,0
1,0,0
0,0,0
0,0,0
0,0,1
1,0,0
0,1,0
0,0,0
0,0,0
0,0,0
0,0,0
0,0,0
0,0,1
0,0,0
0,0,0
1,0,0
0,0,0
0,0,0
0,0,0
0,0,0
0,0,0
0,0,0
0,0,0
0,0,0
0,0,0
0,1,0
0,0,0
0,0,0
0,0,0
0,0,0
0,0,0
0,0,1
0,0,0
1,0,0
0,0,0
0,0,1
0,0,0
0,0,0
0,0,0
0,0,0
0,0,0
0,0,0
1,0,0
0,0,0
0,0,0
0,0,0
0,0,1
0,1,0
0,0,0
1,0,0
0,0,0
1,0,0
0,0,1
0,0,0
0,0,0
0,1,0
0,0,1
0,0,0
0,0,0
1,0,0
0,0,0
0,0,0
1,0,0
0,0,0
1,0,0
1,0,0
0,0,0
0,1,0
0,0,1
0,0,0
0,0,0
0,0,0
0,1,0
0,0,0
0,0,1
0,0,1
0,0,0
0,0,1
0,0,1
0,0,0
0,0,0
0,0,0
0,0,0
0,0,0
1,0,0
0,0,0
0,0,1
0,0,0
0,0,0
0,0,1
0,0,0
0,0,0
0,0,0
0,0,1
0,0,0
0,0,0
0,0,0
0,0,1
0,0,0
0,0,0
0,0,0
0,0,0
0,0,0
0,1,0
1,0,0
0,0,0
0,0,0
0,0,0
0,0,0
0,0,1
0,0,0
0,0,0
0,0,0
0,0,0
0,0,1
0,0,0
0,0,0
0,0,0
0,0,0
0,0,0
0,0,0
0,0,0
0,1,0
0,0,0
1,0,0
0,1,0
0,0,0
0,1,0
1,0,0
0,0,0
0,0,0
0,0,0
0,0,1
0,0,0
0,0,0
0,0,1
0,0,0
0,0,0
0,0,0
0,0,0
0,0,1
1,0,0
0,0,0
0,0,0
0,0,0
0,1,0
0,0,0
0,0,1
0,0,0
1,0,0
0,1,0
0,0,1
0,0,1
0,0,1
0,0,1
0,0,0
0,0,0
0,0,1
0,0,1
0,0,0
0,0,0
0,0,0
0,0,1
0,0,1
0,1,0
0,0,0
0,0,0
0,0,0
0,0,1
0,0,0
0,0,0
0,0,1
0,0,0
0,0,0
0,1,0
0,0,0
1,0,0
0,0,0
0,0,0
0,0,0
0,0,0
0,0,0
0,0,0
0,0,0
0,0,0
0,0,0
0,0,0
0,0,0
0,0,0
0,0,0
0,0,0
0,0,0
0,0,0
0,0,0
1,0,0
1,0,0
0,0,1
0,0,0
0,0,0
0,1,0
1,0,0
0,0,0
0,0,0
1,0,0
0,0,1
0,0,1
0,0,0
0,0,1
0,0,0
0,0,0
0,0,0
0,0,0
0,0,1
0,0,0
0,0,0
1,0,0
0,0,1
0,0,1
0,0,0
0,1,0
0,0,0
1,0,0
0,0,0
0,0,1
0,0,0
0,0,1
0,0,1
0,0,0
0,0,0
1,0,0
0,0,0
1,0,0
0,0,0
1,0,0
0,0,0
0,0,0
0,0,0
0,0,0
0,0,0
1,0,0
0,0,0
0,0,0
0,0,0
1,0,0
0,0,0
0,1,0
0,0,1
0,0,0
0,0,0
0,0,0
1,0,0
0,0,0
0,0,0
0,0,0
0,0,0
0,0,0
0,0,0
1,0,0
0,0,1
0,0,1
0,0,0
1,0,0
0,0,0
0,0,0
0,0,0
0,0,1
1,0,0
0,0,0
0,0,1
0,0,0
0,1,0
0,0,0
0,0,0
0,0,0
0,1,0
1,0,0
0,0,0
0,0,0
0,0,1
0,0,0
0,0,0
0,0,0
0,0,0
0,0,0
0,0,0
0,1,0
0,0,0
0,0,0
0,1,0
0,1,0
0,0,0
0,0,0
1,0,0
0,0,0
0,0,0
0,0,0
0,0,0
0,0,0
0,0,0
0,0,0
0,0,0
0,0,0
0,0,0
0,0,0
0,0,0
0,0,0
0,0,0
0,1,0
0,0,0
1,0,0
0,0,0
0,0,0
0,0,0
0,0,1
0,0,1
0,0,0
0,0,1
0,0,1
0,0,1
0,0,0
0,0,0
0,0,0
0,0,0
0,0,0
0,0,0
1,0,0
0,0,1
0,0,0
0,0,1
0,1,0
0,0,0
0,0,0
0,0,1
0,0,0
0,1,0
0,0,0
0,0,1
0,0,0
0,0,0
0,0,0
0,0,0
0,0,0
0,0,0
0,0,0
0,0,1
0,0,0
0,0,0
0,0,0
0,0,0
0,0,0
0,0,1
0,0,1
0,0,0
0,0,1
0,0,0
0,0,0
1,0,0
0,1,0
1,0,0
0,0,0
0,0,0
0,0,0
0,0,0
0,0,0
0,0,1
0,0,0
0,0,0
0,0,0
0,0,0
0,0,0
1,0,0
0,0,0
0,1,0
0,0,0
0,0,0
0,0,0
0,0,0
0,0,0
0,0,0
0,0,0
0,0,0
0,0,1
0,0,0
0,0,0
0,0,0
0,0,0
0,0,0
0,0,0
0,0,0
0,0,0
1,0,0
0,0,0
0,0,0
1,0,0
0,0,0
0,0,0
0,0,0
0,0,0
0,0,0
0,0,0
0,0,0
0,0,0
0,0,0
0,0,0
0,0,0
1,0,0
0,0,1
0,0,0
0,0,1
0,0,0
0,0,0
1,0,0
0,0,1
0,0,0
0,0,0
0,0,0
0,0,0
0,0,0
0,0,0
0,0,0
0,0,0
0,0,0
1,0,0
0,0,1
1,0,0
0,0,1
0,0,1
0,0,0
0,0,0
0,0,0
0,0,0
0,1,0
0,0,0
0,0,0
0,0,0
0,0,0
0,0,0
0,0,1
1,0,0
0,0,0
0,1,0
0,0,1
0,1,0
0,0,0
1,0,0
0,0,0
0,0,0
0,0,0
0,0,1
0,0,0
0,0,0
0,0,0
0,0,0
0,0,0
0,1,0
0,1,0
0,0,0
0,0,1
1,0,0
0,0,0
0,0,0
0,1,0
0,0,0
0,0,0
1,0,0
0,0,0
1,0,0
0,0,0
0,0,1
0,0,0
0,0,0
0,0,0
1,0,0
1,0,0
0,0,0
0,1,0
0,0,1
0,0,1
1,0,0
0,0,0
0,0,0
0,0,0
1,0,0
0,0,0
0,0,0
0,0,0
0,0,0
0,0,0
0,0,0
0,0,0
0,1,0
0,0,0
0,1,0
0,0,1
0,0,0
0,0,0
0,0,0
0,0,1
0,0,0
0,0,0
0,1,0
0,0,0
0,1,0
0,0,0
0,0,1
0,0,0
0,0,1
0,0,0
0,0,1
0,0,1
0,0,1
0,1,0
0,0,0
0,0,0
1,0,0
0,1,0
0,0,0
0,0,1
0,0,0
0,0,0
0,1,0
0,0,0
0,0,0
0,0,0
0,0,0
0,0,1
0,1,0
0,0,0
0,0,0
0,0,0
0,0,0
0,0,0
0,0,0
0,0,0
0,1,0
0,0,1
0,0,0
0,0,0
1,0,0
1,0,0
0,0,0
0,0,0
0,0,0
0,0,0
0,0,0
0,0,0
0,0,1
0,0,0
0,0,0
1,0,0
0,0,0
0,0,0
0,0,0
1,0,0
0,0,0
0,0,0
0,0,0
0,0,1
1,0,0
1,0,0
0,0,1
0,0,0
0,0,1
0,0,0
0,0,1
0,0,0
0,0,0
0,0,1
0,0,0
0,0,0
0,0,0
0,0,0
0,0,1
0,0,1
0,0,0
0,0,0
0,0,0
0,0,1
0,0,0
0,0,0
0,0,1
0,0,0
0,0,0
0,0,0
0,0,0
1,0,0
0,0,0
0,0,1
0,0,1
0,0,0
0,0,0
0,1,0
0,0,1
0,0,1
0,0,0
0,0,1
0,0,0
0,0,0
1,0,0
0,0,1
0,1,0
0,0,0
1,0,0
0,0,0
0,1,0
0,0,0
0,0,1
0,0,1
1,0,0
0,0,0
0,0,0
0,0,1
0,0,1
0,0,0
0,0,0
0,0,0
0,0,1
0,0,0
0,0,0
0,0,0
0,0,0
0,0,0
0,0,0
0,0,0
0,0,0
0,0,0
0,1,0
1,0,0
0,0,1
0,0,0
0,0,0
0,0,0
0,0,0
0,0,1
0,0,1
0,0,0
0,0,1
1,0,0
1,0,0
0,0,0
0,0,0
0,0,0
1,0,0
0,0,0
0,0,1
0,0,0
0,0,0
0,0,0
0,0,0
0,0,1
0,0,0
1,0,0
0,0,0
0,0,0
0,0,0
0,0,0
0,0,0
1,0,0
1,0,0
0,0,0
0,0,0
0,0,1
0,1,0
0,0,0
0,0,0
0,0,0
0,0,0
0,0,1
0,0,0
0,0,0
0,0,0
0,0,0
0,0,0
0,1,0
0,1,0
0,0,1
0,1,0
0,0,0
0,0,1
0,0,0
1,0,0
0,0,1
0,0,0
0,0,0
1,0,0
1,0,0
0,1,0
0,0,1
0,0,0
0,0,0
0,0,0
0,0,0
0,0,0
0,0,1
0,0,0
0,0,0
0,0,0
0,0,0
0,0,0
0,0,0
1,0,0
0,0,0
0,0,0
0,0,0
0,0,1
0,0,0
0,0,0
0,0,0
0,0,0
0,0,0
0,0,0
0,0,1
0,0,1
0,0,0
0,0,0
0,0,0
0,0,0
0,0,0
0,0,0
0,0,1
0,0,0
0,0,0
0,0,0
0,0,0
0,0,1
0,0,1
0,0,0
1,0,0
0,0,0
0,0,0
1,0,0
0,0,0
0,0,0
1,0,0
0,0,0
0,0,0
0,0,0
0,0,0
0,1,0
0,0,0
0,0,0
0,0,0
0,0,0
0,0,0
0,0,0
0,0,0
0,0,0
0,0,0
0,0,0
0,0,1
0,0,0
0,0,0
0,0,1
1,0,0
0,1,0
0,0,0
0,0,0
0,1,0
0,0,0
0,0,0
1,0,0
0,0,1
0,0,0
0,0,0
0,0,0
0,0,0
0,0,1
0,0,1
1,0,0
1,0,0
0,0,0
0,0,0
0,0,0
0,0,0
0,0,0
0,0,0
0,0,0
0,0,0
0,0,0
1,0,0
0,0,0
1,0,0
0,0,0
0,0,0
0,0,1
1,0,0
0,0,0
1,0,0
0,0,0
0,0,1
0,0,0
1,0,0
0,1,0
0,0,0
0,0,1
0,1,0
0,0,0
1,0,0
0,0,1
0,1,0
0,0,0
0,0,0
0,0,1
0,0,1
0,0,0
0,0,1
0,0,1
0,0,0
0,1,0
0,0,0
0,1,0
0,0,0
1,0,0
0,0,0
0,0,0
0,0,0
0,0,0
0,0,0
0,0,0
0,0,0
0,0,0
0,0,0
0,1,0
0,1,0
0,0,1
0,0,0
0,0,0
1,0,0
0,0,0
0,0,1
0,0,0
0,0,1
1,0,0
0,0,1
0,1,0
0,1,0
0,0,1
0,0,0
0,0,1
0,0,0
0,0,0
0,0,0
0,1,0
0,0,0
0,1,0
0,0,0
0,0,1
0,0,0
0,0,1
0,0,1
0,0,0
0,0,0
0,0,0
0,0,0
0,0,0
0,0,1
0,0,0
0,1,0
0,0,0
0,0,0
0,0,0
0,0,0
0,0,0
0,0,0
0,0,0
0,0,0
0,0,0
0,0,0
0,0,1
0,0,0
0,0,0
1,0,0
0,0,1
0,0,0
0,0,1
0,0,0
0,0,1
1,0,0
0,0,0
0,0,1
0,0,0
0,0,0
0,0,0
0,0,0
0,0,0
0,0,0
0,0,0
0,0,0
0,0,0
0,0,0
0,0,1
0,0,0
0,0,0
0,0,0
0,0,1
0,0,0
0,0,0
0,0,0
0,0,1
0,0,0
0,0,0
1,0,0
0,0,0
1,0,0
0,1,0
1,0,0
1,0,0
0,0,0
0,1,0
0,0,0
0,1,0
1,0,0
0,0,1
0,0,0
0,1,0
0,0,0
0,0,1
0,0,0
0,1,0
0,0,1
0,1,0
0,1,0
0,0,0
0,0,0
0,0,0
0,0,0
1,0,0
0,0,0
0,0,0
0,0,0
0,1,0
0,0,0
0,0,0
0,0,0
0,1,0
0,1,0
0,0,1
0,0,1
0,0,1
0,0,1
0,0,0
0,0,0
1,0,0
0,0,0
0,0,0
0,0,1
0,0,0
0,0,0
0,0,0
0,0,0
0,1,0
0,0,1
0,0,0
0,0,0
0,0,1
0,0,1
0,0,0
0,0,0
0,0,0
1,0,0
0,1,0
0,0,0
0,0,0
1,0,0
1,0,0
0,0,0
0,0,0
0,0,0
0,0,0
0,0,1
0,0,0
0,0,0
0,0,0
0,0,0
0,0,1
1,0,0
0,0,0
0,0,0
0,0,0
0,0,0
0,0,0
0,0,0
0,0,0
0,1,0
1,0,0
0,0,0
0,0,0
0,0,0
0,0,1
0,0,0
0,1,0
0,1,0
0,0,0
0,0,0
0,0,0
0,0,0
0,0,0
0,0,0
0,0,0
1,0,0
0,0,0
0,0,0
0,0,0
1,0,0
1,0,0
0,1,0
1,0,0
0,1,0
0,0,1
1,0,0
0,0,1
0,0,0
0,0,0
1,0,0
1,0,0
1,0,0
0,0,0
0,0,1
0,0,1
0,0,0
0,1,0
0,0,0
0,0,0
0,0,1
0,0,1
0,0,1
0,0,0
0,0,0
1,0,0
0,0,0
0,0,0
0,1,0
0,0,0
0,0,0
0,1,0
0,1,0
0,0,0
0,0,0
0,0,1
0,0,0
0,0,0
0,0,0
0,0,0
0,1,0
0,0,0
0,0,0
0,0,0
0,0,1
0,0,0
0,0,0
0,1,0
0,1,0
0,0,0
0,0,0
0,0,0
0,0,0
0,0,0
0,0,1
0,0,0
0,1,0
0,0,0
0,1,0
0,0,0
0,1,0
0,1,0
0,0,0
0,0,0
0,1,0
0,1,0
0,0,0
0,0,1
0,0,0
0,0,0
0,0,0
0,0,0
0,0,0
1,0,0
0,0,0
1,0,0
0,1,0
0,0,1
0,0,1
0,0,0
0,0,0
1,0,0
0,0,0
0,0,0
0,0,0
0,0,1
0,0,0
0,0,0
0,0,1
0,0,0
0,0,1
0,0,1
0,0,0
0,0,0
1,0,0
0,0,0
1,0,0
0,0,0
1,0,0
0,0,1
0,0,0
0,0,0
0,0,0
0,0,0
0,0,0
0,0,0
0,0,0
0,0,1
0,0,0
1,0,0
0,0,1
0,0,0
0,0,0
0,0,0
1,0,0
0,0,1
0,0,0
0,0,0
0,0,0
1,0,0
0,0,0
0,0,1
0,0,0
0,0,0
0,0,0
0,0,0
0,0,0
0,0,0
0,0,0
1,0,0
1,0,0
0,0,0
0,0,0
0,0,0
0,0,0
0,1,0
1,0,0
0,0,0
0,0,0
0,0,0
0,0,0
0,0,0
0,1,0
0,0,0
0,0,0
0,0,0
0,0,0
0,0,1
0,1,0
0,0,0
0,0,0
0,0,0
0,0,0
0,0,0
0,0,0
0,0,0
0,0,0
0,1,0
0,0,0
0,0,0
0,0,0
1,0,0
0,0,0
0,0,0
0,0,1
0,0,0
0,0,0
0,0,0
0,0,0
1,0,0
0,1,0
1,0,0
0,0,0
0,0,0
0,0,0
0,0,0
0,0,0
0,0,0
0,0,1
0,0,0
1,0,0
0,0,0
0,0,1
0,0,0
0,0,1
0,0,0
0,0,0
0,0,0
0,0,0
0,0,0
0,0,0
0,0,0
0,1,0
0,0,1
0,0,0
0,0,0
0,1,0
0,0,0
0,0,0
1,0,0
0,0,0
1,0,0
1,0,0
0,0,0
0,0,0
0,0,0
0,0,0
1,0,0
1,0,0
0,0,0
0,0,0
0,0,1
0,0,0
0,0,0
0,0,0
0,1,0
0,0,0
0,0,0
0,0,1
0,0,0
0,0,0
1,0,0
0,0,0
0,0,1
0,0,0
0,0,1
0,1,0
0,0,0
0,0,0
0,1,0
1,0,0
0,0,0
0,0,0
0,0,0
0,0,0
1,0,0
0,0,1
0,0,0
0,0,0
1,0,0
0,0,0
1,0,0
1,0,0
0,0,0
0,0,0
0,0,0
0,0,0
0,0,0
0,0,0
0,0,0
1,0,0
0,0,1
0,0,0
0,0,0
0,0,0
0,0,0
0,0,0
0,0,0
0,0,0
0,0,0
0,0,0
0,0,1
0,0,0
1,0,0
0,0,0
0,0,0
0,0,0
1,0,0
0,0,1
0,0,1
1,0,0
0,0,0
0,0,0
0,0,0
0,0,0
0,0,0
0,0,0
0,0,0
1,0,0
0,0,0
0,0,0
0,0,0
0,0,0
0,0,1
0,0,1
0,0,0
0,0,0
0,0,0
0,0,0
0,0,0
0,0,1
0,0,1
0,1,0
0,0,0
0,0,0
0,0,0
0,0,0
0,0,0
0,0,0
0,0,0
0,0,0
0,0,0
0,0,1
0,0,0
0,0,0
0,0,0
0,1,0
0,0,1
0,0,0
0,1,0
0,0,0
0,0,0
0,0,0
0,0,0
0,0,0
0,0,0
0,0,0
0,0,0
0,0,1
0,0,1
0,0,1
0,1,0
0,0,0
1,0,0
0,0,0
0,0,1
0,0,0
0,0,0
0,0,0
0,0,0
0,0,0
0,0,0
0,0,0
0,0,0
0,1,0
0,0,0
0,0,1
0,0,0
0,0,0
0,0,0
0,0,0
0,0,0
0,0,1
1,0,0
0,0,1
1,0,0
0,1,0
0,0,0
0,0,0
0,0,1
0,0,0
0,0,0
0,0,0
0,0,0
0,0,0
0,0,1
0,0,0
0,0,1
0,0,0
0,0,0
0,0,0
0,0,1
0,0,0
0,1,0
0,0,1
0,0,1
0,0,0
0,0,0
0,0,0
1,0,0
1,0,0
0,0,1
0,0,0
0,1,0
0,0,0
0,0,0
1,0,0
0,0,0
0,0,0
0,0,0
0,0,0
0,0,0
0,0,0
0,0,0
0,0,1
0,0,0
0,0,0
0,0,0
0,0,0
0,1,0
1,0,0
0,0,1
0,0,0
0,0,0
0,0,1
0,0,1
0,0,0
1,0,0
0,0,0
1,0,0
1,0,0
0,0,0
0,0,0
0,0,1
1,0,0
1,0,0
0,0,0
0,0,0
0,0,0
0,0,0
0,1,0
0,1,0
1,0,0
